code,end_date,fi_ann_date,fi_eps_orig,fi_data_source,ic_ann_date,ic_basic_eps
000001,1719676800000,1723737600000,,mcp,1723737600000,1.23
000006,1751212800000,1756396800000,,mcp,1756396800000,-0.0526
000007,1688054400000,1693324800000,,mcp,1693324800000,0.035
000014,1767110400000,1773763200000,,mcp,1773763200000,-0.62
000039,1743350400000,1745856000000,,mcp,1745856000000,0.0971
000056,1696003200000,1698422400000,,mcp,1698422400000,-0.45
000061,1759161600000,1761580800000,,mcp,1761580800000,0.1555
000063,1774886400000,1777046400000,,mcp,1777046400000,0.27
000078,1751212800000,1756483200000,,mcp,1756483200000,0.012
000088,1711814400000,1714406400000,,mcp,1714406400000,0.06
000151,1751212800000,1756483200000,,mcp,1756483200000,-0.16
000156,1711814400000,1714406400000,,mcp,1714406400000,0.06
000157,1719676800000,1724947200000,,mcp,1724947200000,0.28
000301,1711814400000,1714406400000,,mcp,1714406400000,0.04
000404,1688054400000,1691424000000,,mcp,1691424000000,0.2368
000407,1767110400000,1774368000000,,mcp,1774368000000,0.18
000415,1688054400000,1693411200000,,mcp,1693411200000,0.0851
000417,1696003200000,1698163200000,,mcp,1698163200000,0.336
000422,1688054400000,1693324800000,,mcp,1693324800000,0.2811
000488,1688054400000,1693411200000,,mcp,1693411200000,-0.25
000504,1703952000000,1714406400000,,mcp,1714406400000,-0.09
000505,1703952000000,1711728000000,,mcp,1711728000000,0.14
000509,1711814400000,1714406400000,,mcp,1714406400000,0.0003
000525,1751212800000,1756396800000,,mcp,1756396800000,-0.1606
000537,1751212800000,1756396800000,,mcp,1756396800000,0.3
000538,1743350400000,1745856000000,,mcp,1745856000000,1.08
000547,1759161600000,1761580800000,,mcp,1761580800000,-0.31
000550,1688054400000,1693324800000,,mcp,1693324800000,0.84
000551,1696003200000,1698422400000,,mcp,1698422400000,0.3424
000570,1696003200000,1698422400000,,mcp,1698422400000,0.2223
000576,1688054400000,1692806400000,,mcp,1692806400000,0.0839
000595,1751212800000,1756396800000,,mcp,1756396800000,0.06
000603,1711814400000,1714406400000,,mcp,1714406400000,-0.0128
000609,1759161600000,1761235200000,,mcp,1761235200000,-0.51
000623,1711814400000,1714406400000,,mcp,1714406400000,0.1277
000626,1688054400000,1692892800000,,mcp,1692892800000,0.0015
000630,1696003200000,1698422400000,,mcp,1698422400000,0.203
000655,1743350400000,1744128000000,,mcp,1744128000000,0.0825
000683,1696003200000,1698422400000,,mcp,1698422400000,0.42
000686,1696003200000,1698336000000,,mcp,1698336000000,0.25
000688,1767110400000,1774281600000,,mcp,1774281600000,0.9672
000690,1711814400000,1714406400000,,mcp,1714406400000,0.1
000691,1703952000000,1713542400000,,mcp,1713542400000,-0.3226
000697,1688054400000,1693324800000,,mcp,1693324800000,-0.2417
000711,1688054400000,1693411200000,,mcp,1693411200000,-0.6291
000712,1751212800000,1756310400000,,mcp,1756310400000,0.139
000718,1711814400000,1714406400000,,mcp,1714406400000,0.0299
000739,1759161600000,1761062400000,,mcp,1761062400000,0.6063
000756,1696003200000,1698422400000,,mcp,1698422400000,0.58
000759,1696003200000,1698422400000,,mcp,1698422400000,-0.067
000761,1688054400000,1693411200000,,mcp,1693411200000,-0.2446
000767,1751212800000,1756396800000,,mcp,1756396800000,0.002
000783,1751212800000,1756483200000,,mcp,1756483200000,0.3
000790,1703952000000,1714406400000,,mcp,1714406400000,0.04
000792,1711814400000,1714406400000,,mcp,1714406400000,0.1765
000795,1711814400000,1713542400000,,mcp,1713542400000,0.0607
000796,1688054400000,1693238400000,,mcp,1693238400000,-0.147
000800,1688054400000,1693411200000,,mcp,1693411200000,0.0872
000801,1767110400000,1774972800000,,mcp,1774972800000,0.1755
000807,1688054400000,1692720000000,,mcp,1692720000000,0.44
000818,1696003200000,1698422400000,,mcp,1698422400000,0.14
000829,1751212800000,1756483200000,,mcp,1756483200000,-0.061
000860,1696003200000,1698422400000,,mcp,1698422400000,-0.394
000862,1688054400000,1692720000000,,mcp,1692720000000,0.2192
000863,1759161600000,1761580800000,,mcp,1761580800000,0.0062
000880,1711814400000,1714406400000,,mcp,1714406400000,0.07
000892,1703952000000,1714406400000,,mcp,1714406400000,-0.41
000895,1767110400000,1774368000000,,mcp,1774368000000,1.4733
000897,1688054400000,1692979200000,,mcp,1692979200000,0.2989
000901,1688054400000,1693411200000,,mcp,1693411200000,0.0329
000902,1727625600000,1729180800000,,mcp,1729180800000,0.8869
000912,1688054400000,1693411200000,,mcp,1693411200000,0.1
000921,1751212800000,1753891200000,,mcp,1753891200000,1.52
000973,1688054400000,1692374400000,,mcp,1692374400000,0.0469
000987,1751212800000,1756483200000,,mcp,1756483200000,0.3093
001201,1601395200000,1635350400000,,mcp,1635350400000,4.09
001201,1617120000000,1651075200000,,mcp,1651075200000,1.39
001201,1703952000000,1714406400000,,mcp,1714406400000,-2.43
001202,1538236800000,1572364800000,,mcp,1572364800000,0.42
001202,1601395200000,1635436800000,,mcp,1635436800000,0.55
001203,1601395200000,1635177600000,,mcp,1635177600000,0.25
001205,1601395200000,1635091200000,,mcp,1635091200000,0.8792
001206,1601395200000,1634832000000,,mcp,1634832000000,2.38
001207,1601395200000,1634918400000,,mcp,1634918400000,0.5295
001208,1601395200000,1635091200000,,mcp,1635091200000,0.14
001208,1711814400000,1714060800000,,mcp,1714060800000,0.04
001209,1601395200000,1635264000000,,mcp,1635264000000,1.13
001210,1601395200000,1635091200000,,mcp,1635091200000,1.04
001211,1593446400000,1630252800000,,mcp,1630252800000,0.35
001211,1601395200000,1635091200000,,mcp,1635091200000,0.67
001212,1601395200000,1635091200000,,mcp,1635091200000,1.36
001213,1601395200000,1635264000000,,mcp,1635264000000,0.1
001215,1601395200000,1635264000000,,mcp,1635264000000,0.76
001215,1617120000000,1651161600000,,mcp,1651161600000,0.31
001216,1601395200000,1635523200000,,mcp,1635523200000,0.42
001216,1617120000000,1649952000000,,mcp,1649952000000,0.1231
001217,1601395200000,1635436800000,,mcp,1635436800000,0.38
001217,1617120000000,1650556800000,,mcp,1650556800000,0.36
001218,1601395200000,1635350400000,,mcp,1635350400000,2.26
001218,1617120000000,1650988800000,,mcp,1650988800000,0.89
001219,1585584000000,1623254400000,,mcp,1623254400000,0.28
001219,1601395200000,1635350400000,,mcp,1635350400000,0.91
001222,1632931200000,1666886400000,,mcp,1666886400000,1.1169
001226,1632931200000,1666800000000,,mcp,1666800000000,1.12
001227,1561824000000,1566835200000,,mcp,1566835200000,0.27
001227,1727625600000,1730131200000,,mcp,1730131200000,0.2308
001228,1632931200000,1666800000000,,mcp,1666800000000,1.42
001229,1632931200000,1666800000000,,mcp,1666800000000,0.8
001230,1632931200000,1666886400000,,mcp,1666886400000,1.3998
001231,1632931200000,1666800000000,,mcp,1666800000000,0.75
001234,1617120000000,1650816000000,,mcp,1650816000000,0.28
001236,1593446400000,1598457600000,,mcp,1598457600000,0.0481
001236,1632931200000,1666886400000,,mcp,1666886400000,0.0574
001238,1632931200000,1666800000000,,mcp,1666800000000,1.03
001255,1632931200000,1666713600000,,mcp,1666713600000,0.7215
001258,1632931200000,1666800000000,,mcp,1666800000000,0.21
001259,1632931200000,1666886400000,,mcp,1666886400000,0.6544
001266,1617120000000,1651075200000,,mcp,1651075200000,0.93
001266,1632931200000,1667145600000,,mcp,1667145600000,1.2
001268,1632931200000,1666627200000,,mcp,1666627200000,0.86
001269,1632931200000,1667145600000,,mcp,1667145600000,1.12
001270,1632931200000,1666972800000,,mcp,1666972800000,0.5119
001277,1696003200000,1730044800000,,mcp,1730044800000,1.7182
001283,1632931200000,1666886400000,,mcp,1666886400000,3.06
001286,1696003200000,1698336000000,,mcp,1698336000000,0.64
001288,1617120000000,1650816000000,,mcp,1650816000000,0.15
001289,1609344000000,1619539200000,,mcp,1619539200000,0.58
001296,1617120000000,1651075200000,,mcp,1651075200000,0.24
001300,1632931200000,1666886400000,,mcp,1666886400000,0.69
001308,1617120000000,1650816000000,,mcp,1650816000000,0.33
001308,1632931200000,1666540800000,,mcp,1666540800000,1.24
001309,1632931200000,1666886400000,,mcp,1666886400000,1.07
001313,1617120000000,1651161600000,,mcp,1651161600000,-0.03
001316,1632931200000,1666800000000,,mcp,1666800000000,1.006
001316,1688054400000,1693324800000,,mcp,1693324800000,0.6332
001317,1617120000000,1650988800000,,mcp,1650988800000,0.22
001318,1632931200000,1666713600000,,mcp,1666713600000,0.5057
001319,1632931200000,1666886400000,,mcp,1666886400000,0.5745
001322,1632931200000,1667145600000,,mcp,1667145600000,0.3734
001322,1696003200000,1698422400000,,mcp,1698422400000,0.2973
001323,1632931200000,1666886400000,,mcp,1666886400000,1.15
001330,1632931200000,1667145600000,,mcp,1667145600000,0.07
001331,1632931200000,1666627200000,,mcp,1666627200000,1.15
001332,1632931200000,1666886400000,,mcp,1666886400000,2.7604
001336,1632931200000,1666886400000,,mcp,1666886400000,0.71
001338,1696003200000,1698163200000,,mcp,1698163200000,0.25
001339,1632931200000,1666886400000,,mcp,1666886400000,0.81
001367,1759161600000,1761062400000,,mcp,1761062400000,0.59
001390,1727625600000,1761494400000,,mcp,1761494400000,0.9151
001400,1727625600000,1761321600000,,mcp,1761321600000,2.4301
001400,1743350400000,1745942400000,,mcp,1745942400000,0.7444
001965,1688054400000,1693238400000,,mcp,1693238400000,0.4398
001979,1711814400000,1714406400000,,mcp,1714406400000,0.01
002001,1711814400000,1714406400000,,mcp,1714406400000,0.28
002034,1767110400000,1776441600000,,mcp,1776441600000,1.69
002036,1688054400000,1693411200000,,mcp,1693411200000,-0.2603
002044,1719676800000,1724947200000,,mcp,1724947200000,-0.06
002045,1696003200000,1698422400000,,mcp,1698422400000,0.69
002047,1711814400000,1714406400000,,mcp,1714406400000,-0.05
002051,1696003200000,1697817600000,,mcp,1697817600000,0.28
002051,1711814400000,1714406400000,,mcp,1714406400000,0.09
002054,1711814400000,1714406400000,,mcp,1714406400000,0.0369
002060,1688054400000,1693411200000,,mcp,1693411200000,0.1769
002066,1711814400000,1714406400000,,mcp,1714406400000,0.0971
002079,1727625600000,1730304000000,,mcp,1730304000000,0.05
002080,1759161600000,1761062400000,,mcp,1761062400000,0.8818
002082,1688054400000,1693238400000,,mcp,1693238400000,0.0515
002082,1711814400000,1714406400000,,mcp,1714406400000,0.0466
002096,1688054400000,1693411200000,,mcp,1693411200000,0.26
002096,1727625600000,1730304000000,,mcp,1730304000000,0.42
002127,1688054400000,1692892800000,,mcp,1692892800000,0.0228
002130,1711814400000,1714406400000,,mcp,1714406400000,0.1463
002131,1751212800000,1756396800000,,mcp,1756396800000,0.0706
002136,1759161600000,1761062400000,,mcp,1761062400000,-0.2156
002139,1711814400000,1713801600000,,mcp,1713801600000,0.14
002144,1711814400000,1714406400000,,mcp,1714406400000,0.1
002148,1711814400000,1714406400000,,mcp,1714406400000,0.0046
002152,1688054400000,1693324800000,,mcp,1693324800000,0.19
002153,1688054400000,1693411200000,,mcp,1693411200000,0.0082
002155,1759161600000,1761580800000,,mcp,1761580800000,0.66
002157,1688054400000,1693411200000,,mcp,1693411200000,-0.6019
002158,1759161600000,1761235200000,,mcp,1761235200000,0.7327
002163,1711814400000,1714060800000,,mcp,1714060800000,-0.03
002168,1696003200000,1698422400000,,mcp,1698422400000,-0.0638
002171,1688054400000,1692374400000,,mcp,1692374400000,0.16
002171,1696003200000,1698163200000,,mcp,1698163200000,0.26
002174,1688054400000,1693411200000,,mcp,1693411200000,-0.06
002175,1735574400000,1745856000000,,mcp,1745856000000,0.013
002188,1719676800000,1722009600000,,mcp,1722009600000,0.05
002194,1696003200000,1698422400000,,mcp,1698422400000,0.1312
002197,1703952000000,1714406400000,,mcp,1714406400000,-0.12
002198,1696003200000,1698422400000,,mcp,1698422400000,0.0491
002206,1711814400000,1714406400000,,mcp,1714406400000,0.06
002208,1711814400000,1714147200000,,mcp,1714147200000,-0.0738
002218,1711814400000,1714406400000,,mcp,1714406400000,0.0018
002218,1719676800000,1724947200000,,mcp,1724947200000,0.0158
002218,1751212800000,1756310400000,,mcp,1756310400000,-0.043
002223,1696003200000,1698163200000,,mcp,1698163200000,2.2054
002235,1688054400000,1693411200000,,mcp,1693411200000,0.014
002249,1719676800000,1724688000000,,mcp,1724688000000,0.19
002253,1751212800000,1756483200000,,mcp,1756483200000,-0.15
002254,1696003200000,1698422400000,,mcp,1698422400000,0.34
002265,1696003200000,1698336000000,,mcp,1698336000000,0.19
002272,1719676800000,1724947200000,,mcp,1724947200000,-0.1209
002276,1688054400000,1693411200000,,mcp,1693411200000,0.28
002279,1703952000000,1714060800000,,mcp,1714060800000,-0.1642
002281,1703952000000,1714060800000,,mcp,1714060800000,0.83
002286,1711814400000,1714406400000,,mcp,1714406400000,0.06
002304,1696003200000,1698422400000,,mcp,1698422400000,6.7732
002306,1727625600000,1730304000000,,mcp,1730304000000,-0.0471
002309,1696003200000,1698422400000,,mcp,1698422400000,-0.35
002310,1711814400000,1714406400000,,mcp,1714406400000,-0.11
002318,1703952000000,1714406400000,,mcp,1714406400000,1.53
002320,1759161600000,1761580800000,,mcp,1761580800000,0.0852
002327,1751212800000,1756483200000,,mcp,1756483200000,0.13
002329,1711814400000,1714406400000,,mcp,1714406400000,0.0062
002335,1751212800000,1756483200000,,mcp,1756483200000,0.51
002343,1688054400000,1693411200000,,mcp,1693411200000,0.05
002345,1688054400000,1692892800000,,mcp,1692892800000,0.23
002348,1688054400000,1693324800000,,mcp,1693324800000,-0.0344
002350,1751212800000,1756310400000,,mcp,1756310400000,0.033
002352,1711814400000,1714406400000,,mcp,1714406400000,0.39
002352,1735574400000,1743177600000,,mcp,1743177600000,2.11
002354,1696003200000,1698422400000,,mcp,1698422400000,0.0082
002371,1688054400000,1693324800000,,mcp,1693324800000,3.4
002392,1703952000000,1714406400000,,mcp,1714406400000,0.33
002396,1759161600000,1761062400000,,mcp,1761062400000,0.5925
002402,1711814400000,1713542400000,,mcp,1713542400000,0.1036
002428,1688054400000,1692892800000,,mcp,1692892800000,-0.011
002428,1703952000000,1711641600000,,mcp,1711641600000,0.01
002429,1696003200000,1697817600000,,mcp,1697817600000,0.281
002442,1719676800000,1723737600000,,mcp,1723737600000,0.1284
002451,1711814400000,1714406400000,,mcp,1714406400000,0.0097
002463,1767110400000,1774368000000,,mcp,1774368000000,1.9875
002468,1727625600000,1730304000000,,mcp,1730304000000,0.4338
002476,1688054400000,1693238400000,,mcp,1693238400000,-0.0065
002490,1719676800000,1724947200000,,mcp,1724947200000,0.2132
002492,1696003200000,1698422400000,,mcp,1698422400000,0.2135
002495,1703952000000,1714060800000,,mcp,1714060800000,-0.0478
002500,1727625600000,1730304000000,,mcp,1730304000000,0.15
002513,1751212800000,1756310400000,,mcp,1756310400000,-0.1193
002546,1688054400000,1692374400000,,mcp,1692374400000,0.1324
002546,1759161600000,1761062400000,,mcp,1761062400000,0.6414
002547,1751212800000,1756396800000,,mcp,1756396800000,-0.1143
002548,1696003200000,1698422400000,,mcp,1698422400000,-0.38
002550,1727625600000,1729180800000,,mcp,1729180800000,0.2471
002557,1751212800000,1755792000000,,mcp,1755792000000,0.1748
002560,1696003200000,1698163200000,,mcp,1698163200000,0.21
002561,1703952000000,1711728000000,,mcp,1711728000000,0.18
002563,1688054400000,1693238400000,,mcp,1693238400000,0.19
002564,1696003200000,1698422400000,,mcp,1698422400000,-1.02
002586,1696003200000,1698422400000,,mcp,1698422400000,-0.0761
002600,1696003200000,1698422400000,,mcp,1698422400000,0.27
002600,1743350400000,1745856000000,,mcp,1745856000000,0.08
002615,1711814400000,1714406400000,,mcp,1714406400000,0.0675
002616,1688054400000,1693324800000,,mcp,1693324800000,0.1035
002626,1703952000000,1714406400000,,mcp,1714406400000,0.45
002636,1751212800000,1756483200000,,mcp,1756483200000,0.1
002643,1696003200000,1698422400000,,mcp,1698422400000,0.633
002647,1751212800000,1756396800000,,mcp,1756396800000,0.38
002662,1751212800000,1756396800000,,mcp,1756396800000,0.07
002668,1751212800000,1756483200000,,mcp,1756483200000,0.59
002669,1743350400000,1745856000000,,mcp,1745856000000,0.021
002671,1751212800000,1756396800000,,mcp,1756396800000,0.0674
002672,1688054400000,1692979200000,,mcp,1692979200000,-0.2
002673,1703952000000,1713888000000,,mcp,1713888000000,0.2608
002678,1696003200000,1698422400000,,mcp,1698422400000,0.01
002678,1774886400000,1777478400000,,mcp,1777478400000,-0.03
002681,1727625600000,1730304000000,,mcp,1730304000000,0.08
002693,1696003200000,1698422400000,,mcp,1698422400000,-0.0039
002698,1696003200000,1698422400000,,mcp,1698422400000,0.425
002706,1696003200000,1698422400000,,mcp,1698422400000,0.38
002707,1735574400000,1745856000000,,mcp,1745856000000,0.108
002713,1719676800000,1724860800000,,mcp,1724860800000,-1.29
002715,1711814400000,1714147200000,,mcp,1714147200000,0.0352
002724,1759161600000,1761580800000,,mcp,1761580800000,0.071
002728,1688054400000,1693238400000,,mcp,1693238400000,0.47
002730,1767110400000,1775750400000,,mcp,1775750400000,0.19
002733,1703952000000,1714406400000,,mcp,1714406400000,0.36
002736,1711814400000,1714406400000,,mcp,1714406400000,0.09
002736,1751212800000,1756483200000,,mcp,1756483200000,0.49
002741,1727625600000,1730304000000,,mcp,1730304000000,0.017
002752,1767110400000,1773763200000,,mcp,1773763200000,0.31
002755,1688054400000,1693411200000,,mcp,1693411200000,-0.17
002771,1703952000000,1714060800000,,mcp,1714060800000,-0.23
002786,1751212800000,1756483200000,,mcp,1756483200000,-0.05
002797,1696003200000,1698422400000,,mcp,1698422400000,0.078
002808,1759161600000,1761321600000,,mcp,1761321600000,-0.0917
002811,1719676800000,1724083200000,,mcp,1724083200000,0.24
002820,1688054400000,1692374400000,,mcp,1692374400000,0.2
002826,1703952000000,1714060800000,,mcp,1714060800000,0.08
002836,1696003200000,1698422400000,,mcp,1698422400000,0.04
002839,1703952000000,1714406400000,,mcp,1714406400000,0.78
002843,1767110400000,1777046400000,,mcp,1777046400000,-0.1474
002863,1759161600000,1761580800000,,mcp,1761580800000,0.12
002868,1751212800000,1756483200000,,mcp,1756483200000,-0.38
002889,1743350400000,1745856000000,,mcp,1745856000000,0.16
002913,1703952000000,1713974400000,,mcp,1713974400000,1.63
002915,1711814400000,1714060800000,,mcp,1714060800000,0.0078
002926,1719676800000,1724947200000,,mcp,1724947200000,0.02
002926,1727625600000,1730304000000,,mcp,1730304000000,0.1
002933,1522425600000,1556121600000,,mcp,1556121600000,0.43
002935,1522425600000,1556121600000,,mcp,1556121600000,-0.2065
002937,1522425600000,1556208000000,,mcp,1556208000000,0.1
002938,1530288000000,1565712000000,,mcp,1565712000000,0.21
002939,1522425600000,1556121600000,,mcp,1556121600000,0.04
002940,1522425600000,1556208000000,,mcp,1556208000000,0.5
002941,1522425600000,1556467200000,,mcp,1556467200000,0.25
002942,1530288000000,1566403200000,,mcp,1566403200000,0.73
002943,1538236800000,1572278400000,,mcp,1572278400000,1.1
002945,1522425600000,1555948800000,,mcp,1555948800000,0.03
002945,1538236800000,1572192000000,,mcp,1572192000000,0.11
002946,1522425600000,1556121600000,,mcp,1556121600000,0.03
002947,1522425600000,1556208000000,,mcp,1556208000000,0.1951
002948,1522425600000,1556294400000,,mcp,1556294400000,0.11
002948,1538236800000,1572364800000,,mcp,1572364800000,0.31
002948,1696003200000,1698336000000,,mcp,1698336000000,0.47
002949,1522425600000,1556035200000,,mcp,1556035200000,-0.01
002949,1538236800000,1572451200000,,mcp,1572451200000,0.57
002950,1522425600000,1556467200000,,mcp,1556467200000,0.1098
002950,1530288000000,1567008000000,,mcp,1567008000000,0.231
002951,1522425600000,1556035200000,,mcp,1556035200000,0.11
002951,1538236800000,1572451200000,,mcp,1572451200000,0.34
002953,1530288000000,1566403200000,,mcp,1566403200000,0.38
002953,1538236800000,1571932800000,,mcp,1571932800000,0.7
002955,1538236800000,1572278400000,,mcp,1572278400000,2.82
002956,1530288000000,1566316800000,,mcp,1566316800000,1.13
002956,1538236800000,1572192000000,,mcp,1572192000000,1.83
002957,1538236800000,1571760000000,,mcp,1571760000000,0.66
002958,1696003200000,1698422400000,,mcp,1698422400000,0.52
002959,1538236800000,1572364800000,,mcp,1572364800000,1.3253
002960,1530288000000,1567180800000,,mcp,1567180800000,0.72
002960,1538236800000,1571760000000,,mcp,1571760000000,1.4
002960,1553961600000,1588176000000,,mcp,1588176000000,0.28
002961,1538236800000,1571760000000,,mcp,1571760000000,0.22
002961,1553961600000,1588176000000,,mcp,1588176000000,0.1
002961,1688054400000,1692979200000,,mcp,1692979200000,0.26
002962,1538236800000,1572278400000,,mcp,1572278400000,0.68
002962,1553961600000,1588176000000,,mcp,1588176000000,0.18
002963,1553961600000,1587916800000,,mcp,1587916800000,0.72
002965,1553961600000,1587657600000,,mcp,1587657600000,0.3268
002966,1538236800000,1572451200000,,mcp,1572451200000,0.62
002967,1711814400000,1714060800000,,mcp,1714060800000,0.0021
002968,1553961600000,1587484800000,,mcp,1587484800000,0.4376
002969,1553961600000,1587657600000,,mcp,1587657600000,0.0308
002970,1553961600000,1587312000000,,mcp,1587312000000,0.26
002970,1727625600000,1729612800000,,mcp,1729612800000,1.27
002971,1553961600000,1588089600000,,mcp,1588089600000,0.15
002973,1553961600000,1587916800000,,mcp,1587916800000,0.08
002975,1553961600000,1588003200000,,mcp,1588003200000,1.08
002976,1553961600000,1588003200000,,mcp,1588003200000,0.29
002976,1561824000000,1598284800000,,mcp,1598284800000,0.58
002977,1553961600000,1588089600000,,mcp,1588089600000,0.24
002977,1561824000000,1598371200000,,mcp,1598371200000,0.88
002977,1569772800000,1603382400000,,mcp,1603382400000,1.09
002978,1561824000000,1597852800000,,mcp,1597852800000,0.7698
002978,1569772800000,1603641600000,,mcp,1603641600000,1.1065
002979,1553961600000,1588003200000,,mcp,1588003200000,0.087
002979,1561824000000,1598371200000,,mcp,1598371200000,0.3
002979,1569772800000,1603382400000,,mcp,1603382400000,0.45
002980,1553961600000,1588089600000,,mcp,1588089600000,0.21
002980,1561824000000,1598371200000,,mcp,1598371200000,0.48
002980,1569772800000,1603382400000,,mcp,1603382400000,0.74
002981,1553961600000,1588003200000,,mcp,1588003200000,0.0628
002981,1569772800000,1603728000000,,mcp,1603728000000,0.75
002982,1553961600000,1588089600000,,mcp,1588089600000,0.43
002982,1569772800000,1603641600000,,mcp,1603641600000,2.23
002983,1569772800000,1603296000000,,mcp,1603296000000,0.57
002984,1569772800000,1603900800000,,mcp,1603900800000,0.91
002984,1585584000000,1619366400000,,mcp,1619366400000,0.3858
002985,1569772800000,1603123200000,,mcp,1603123200000,0.92
002986,1569772800000,1603814400000,,mcp,1603814400000,2.22
002987,1569772800000,1603382400000,,mcp,1603382400000,0.98
002988,1569772800000,1603814400000,,mcp,1603814400000,0.6671
002989,1569772800000,1603814400000,,mcp,1603814400000,1.28
002990,1569772800000,1603814400000,,mcp,1603814400000,1.43
002991,1569772800000,1603382400000,,mcp,1603382400000,1.47
002992,1569772800000,1603468800000,,mcp,1603468800000,1.1798
002993,1569772800000,1603814400000,,mcp,1603814400000,1.15
002995,1569772800000,1603900800000,,mcp,1603900800000,1.3325
002995,1696003200000,1698422400000,,mcp,1698422400000,-0.1812
002996,1569772800000,1603728000000,,mcp,1603728000000,0.26
002996,1585584000000,1619107200000,,mcp,1619107200000,0.09
002997,1569772800000,1603382400000,,mcp,1603382400000,0.46
002997,1585584000000,1619452800000,,mcp,1619452800000,0.21
002998,1585584000000,1618848000000,,mcp,1618848000000,0.01
002999,1569772800000,1603382400000,,mcp,1603382400000,0.16
002999,1585584000000,1619452800000,,mcp,1619452800000,0.05
003000,1569772800000,1603382400000,,mcp,1603382400000,0.2187
003000,1585584000000,1619539200000,,mcp,1619539200000,0.072
003000,1593446400000,1629388800000,,mcp,1629388800000,0.18
003001,1569772800000,1603814400000,,mcp,1603814400000,1.15
003001,1585584000000,1618416000000,,mcp,1618416000000,0.17
003001,1719676800000,1724947200000,,mcp,1724947200000,0.16
003002,1569772800000,1603296000000,,mcp,1603296000000,0.41
003002,1585584000000,1619625600000,,mcp,1619625600000,0.02
003003,1569772800000,1603987200000,,mcp,1603987200000,0.43
003003,1585584000000,1618416000000,,mcp,1618416000000,0.08
003003,1688054400000,1693324800000,,mcp,1693324800000,0.11
003004,1585584000000,1618848000000,,mcp,1618848000000,0.23
003005,1569772800000,1604073600000,,mcp,1604073600000,1.0985
003005,1585584000000,1619712000000,,mcp,1619712000000,-0.1676
003006,1569772800000,1603900800000,,mcp,1603900800000,0.22
003007,1569772800000,1603296000000,,mcp,1603296000000,-0.41
003007,1585584000000,1619712000000,,mcp,1619712000000,-0.21
003008,1569772800000,1603296000000,,mcp,1603296000000,1.57
003009,1569772800000,1603641600000,,mcp,1603641600000,0.51
003009,1585584000000,1619712000000,,mcp,1619712000000,0.16
003010,1585584000000,1619625600000,,mcp,1619625600000,0.149
003011,1569772800000,1603814400000,,mcp,1603814400000,1.8
003011,1585584000000,1619020800000,,mcp,1619020800000,0.57
003012,1569772800000,1603382400000,,mcp,1603382400000,0.55
003012,1585584000000,1619539200000,,mcp,1619539200000,-0.11
003013,1585584000000,1618934400000,,mcp,1618934400000,0.22
003015,1569772800000,1603987200000,,mcp,1603987200000,0.3
003015,1585584000000,1619107200000,,mcp,1619107200000,0.06
003016,1585584000000,1619539200000,,mcp,1619539200000,0.1234
003016,1751212800000,1756396800000,,mcp,1756396800000,0.0351
003017,1569772800000,1604073600000,,mcp,1604073600000,1.2507
003017,1585584000000,1619625600000,,mcp,1619625600000,0.46
003017,1688054400000,1693324800000,,mcp,1693324800000,0.4102
003018,1585584000000,1618848000000,,mcp,1618848000000,0.04
003019,1585584000000,1619452800000,,mcp,1619452800000,0.34
003019,1767110400000,1773763200000,,mcp,1773763200000,1.13
003020,1585584000000,1619452800000,,mcp,1619452800000,0.42
003021,1585584000000,1618934400000,,mcp,1618934400000,0.56
003022,1585584000000,1619020800000,,mcp,1619020800000,0.11
003022,1743350400000,1745596800000,,mcp,1745596800000,0.05
003023,1585584000000,1618848000000,,mcp,1618848000000,0.41
003025,1585584000000,1619539200000,,mcp,1619539200000,0.13
003026,1585584000000,1619539200000,,mcp,1619539200000,0.16
003027,1585584000000,1619625600000,,mcp,1619625600000,0.33
003028,1585584000000,1619539200000,,mcp,1619539200000,0.22
003029,1585584000000,1619625600000,,mcp,1619625600000,-0.1
003030,1585584000000,1618848000000,,mcp,1618848000000,0.25
003031,1585584000000,1619020800000,,mcp,1619020800000,0.22
003032,1585584000000,1619539200000,,mcp,1619539200000,-0.007
003032,1601395200000,1635091200000,,mcp,1635091200000,0.04
003033,1585584000000,1619452800000,,mcp,1619452800000,0.28
003035,1585584000000,1619452800000,,mcp,1619452800000,0.0208
003036,1585584000000,1619452800000,,mcp,1619452800000,0.0061
003037,1585584000000,1619452800000,,mcp,1619452800000,-0.02
003038,1585584000000,1619452800000,,mcp,1619452800000,0.21
003038,1601395200000,1635177600000,,mcp,1635177600000,0.77
003039,1585584000000,1619539200000,,mcp,1619539200000,0.085
003039,1601395200000,1635177600000,,mcp,1635177600000,0.35
003040,1585584000000,1619625600000,,mcp,1619625600000,0.03
003040,1601395200000,1635350400000,,mcp,1635350400000,0.14
003040,1696003200000,1698422400000,,mcp,1698422400000,0.16
003041,1585584000000,1619625600000,,mcp,1619625600000,0.22
003041,1601395200000,1635177600000,,mcp,1635177600000,1.122
003042,1585584000000,1619625600000,,mcp,1619625600000,0.23
003043,1585584000000,1619452800000,,mcp,1619452800000,0.25
003043,1593446400000,1629820800000,,mcp,1629820800000,0.63
003043,1601395200000,1635523200000,,mcp,1635523200000,0.98
003816,1538236800000,1539532800000,,mcp,1539532800000,0.164
300009,1751212800000,1755792000000,,mcp,1755792000000,0.22
300011,1688054400000,1693238400000,,mcp,1693238400000,0.0071
300019,1759161600000,1761062400000,,mcp,1761062400000,0.5826
300020,1696003200000,1698422400000,,mcp,1698422400000,0.14
300029,1759161600000,1761062400000,,mcp,1761062400000,-0.0731
300039,1719676800000,1724860800000,,mcp,1724860800000,0.1359
300050,1767110400000,1773763200000,,mcp,1773763200000,0.03
300054,1711814400000,1714060800000,,mcp,1714060800000,0.0863
300058,1703952000000,1713715200000,,mcp,1713715200000,0.047
300078,1696003200000,1698422400000,,mcp,1698422400000,-0.135
300083,1711814400000,1714060800000,,mcp,1714060800000,0.04
300093,1719676800000,1724947200000,,mcp,1724947200000,-1.0325
300093,1751212800000,1756396800000,,mcp,1756396800000,-1.3052
300096,1696003200000,1698336000000,,mcp,1698336000000,0.2978
300118,1711814400000,1714406400000,,mcp,1714406400000,-0.25
300123,1696003200000,1698422400000,,mcp,1698422400000,0.0051
300127,1743350400000,1745596800000,,mcp,1745596800000,0.12
300163,1719676800000,1724947200000,,mcp,1724947200000,0.0229
300166,1703952000000,1713715200000,,mcp,1713715200000,-0.34
300166,1719676800000,1724947200000,,mcp,1724947200000,0.01
300168,1719676800000,1724947200000,,mcp,1724947200000,-0.2538
300171,1688054400000,1693238400000,,mcp,1693238400000,0.564
300185,1688054400000,1692979200000,,mcp,1692979200000,0.05
300200,1759161600000,1761062400000,,mcp,1761062400000,0.27
300212,1696003200000,1698422400000,,mcp,1698422400000,-0.8145
300212,1703952000000,1713369600000,,mcp,1713369600000,-2.8326
300256,1696003200000,1698336000000,,mcp,1698336000000,-0.1
300266,1696003200000,1698422400000,,mcp,1698422400000,-0.17
300271,1703952000000,1714060800000,,mcp,1714060800000,-1.61
300276,1696003200000,1698422400000,,mcp,1698422400000,0.0273
300289,1703952000000,1711555200000,,mcp,1711555200000,0.03
300303,1696003200000,1697817600000,,mcp,1697817600000,0.14
300315,1696003200000,1698422400000,,mcp,1698422400000,0.06
300320,1696003200000,1698249600000,,mcp,1698249600000,0.1602
300322,1688054400000,1693411200000,,mcp,1693411200000,-0.28
300334,1696003200000,1698163200000,,mcp,1698163200000,-0.05
300342,1759161600000,1761062400000,,mcp,1761062400000,0.0571
300345,1696003200000,1698336000000,,mcp,1698336000000,-0.2005
300347,1751212800000,1756396800000,,mcp,1756396800000,0.45
300364,1703952000000,1713715200000,,mcp,1713715200000,0.1225
300373,1703952000000,1713715200000,,mcp,1713715200000,1.74
300376,1751212800000,1756396800000,,mcp,1756396800000,0.04
300398,1688054400000,1692892800000,,mcp,1692892800000,0.33
300398,1719676800000,1724947200000,,mcp,1724947200000,0.23
300400,1703952000000,1713715200000,,mcp,1713715200000,0.1625
300401,1727625600000,1729180800000,,mcp,1729180800000,0.45
300416,1696003200000,1698422400000,,mcp,1698422400000,0.4332
300426,1751212800000,1756396800000,,mcp,1756396800000,-0.16
300428,1688054400000,1693238400000,,mcp,1693238400000,0.4
300430,1703952000000,1713715200000,,mcp,1713715200000,0.63
300433,1703952000000,1713715200000,,mcp,1713715200000,0.61
300445,1688054400000,1693238400000,,mcp,1693238400000,0.2
300449,1696003200000,1698422400000,,mcp,1698422400000,-0.163
300461,1696003200000,1698422400000,,mcp,1698422400000,0.03
300474,1696003200000,1698422400000,,mcp,1698422400000,0.03
300483,1703952000000,1713715200000,,mcp,1713715200000,-0.916
300487,1688054400000,1693238400000,,mcp,1693238400000,0.69
300487,1703952000000,1713715200000,,mcp,1713715200000,1.43
300490,1696003200000,1698422400000,,mcp,1698422400000,0.06
300498,1727625600000,1729612800000,,mcp,1729612800000,0.9664
300518,1696003200000,1698422400000,,mcp,1698422400000,-0.14
300519,1703952000000,1713715200000,,mcp,1713715200000,0.4
300527,1703952000000,1713715200000,,mcp,1713715200000,-0.226
300528,1751212800000,1756396800000,,mcp,1756396800000,0.0232
300533,1711814400000,1714147200000,,mcp,1714147200000,-1.93
300534,1688054400000,1692979200000,,mcp,1692979200000,0.1061
300536,1696003200000,1698422400000,,mcp,1698422400000,0.0004
300538,1688054400000,1693324800000,,mcp,1693324800000,0.04
300546,1711814400000,1714060800000,,mcp,1714060800000,-0.01
300564,1553961600000,1587916800000,,mcp,1587916800000,0.19
300567,1688054400000,1693238400000,,mcp,1693238400000,0.04
300567,1696003200000,1698163200000,,mcp,1698163200000,-0.05
300594,1538236800000,1572192000000,,mcp,1572192000000,0.74
300614,1601395200000,1635350400000,,mcp,1635350400000,0.85
300626,1751212800000,1756396800000,,mcp,1756396800000,0.0261
300641,1735574400000,1744732800000,,mcp,1744732800000,2.35
300643,1688054400000,1692892800000,,mcp,1692892800000,0.27
300647,1688054400000,1693324800000,,mcp,1693324800000,-0.0629
300654,1743350400000,1745596800000,,mcp,1745596800000,0.014
300672,1759161600000,1761580800000,,mcp,1761580800000,0.0341
300674,1522425600000,1556121600000,,mcp,1556121600000,-0.04
300676,1696003200000,1698422400000,,mcp,1698422400000,0.1683
300677,1711814400000,1714060800000,,mcp,1714060800000,0.36
300679,1759161600000,1761062400000,,mcp,1761062400000,0.88
300681,1688054400000,1693411200000,,mcp,1693411200000,-0.12
300682,1703952000000,1712073600000,,mcp,1712073600000,0.56
300687,1696003200000,1698422400000,,mcp,1698422400000,0.3171
300688,1759161600000,1761062400000,,mcp,1761062400000,-0.15
300694,1522425600000,1556208000000,,mcp,1556208000000,0.17
300708,1719676800000,1722355200000,,mcp,1722355200000,0.17
300710,1696003200000,1698163200000,,mcp,1698163200000,-0.0755
300717,1735574400000,1744732800000,,mcp,1744732800000,0.49
300726,1688054400000,1692979200000,,mcp,1692979200000,0.6857
300736,1703952000000,1713542400000,,mcp,1713542400000,-0.23
300737,1703952000000,1714406400000,,mcp,1714406400000,-0.29
300738,1688054400000,1692374400000,,mcp,1692374400000,0.0831
300743,1696003200000,1698163200000,,mcp,1698163200000,0.29
300747,1522425600000,1555516800000,,mcp,1555516800000,1.17
300747,1711814400000,1714060800000,,mcp,1714060800000,0.1132
300748,1522425600000,1556467200000,,mcp,1556467200000,0.07
300749,1522425600000,1556294400000,,mcp,1556294400000,0.02
300751,1522425600000,1556294400000,,mcp,1556294400000,1.29
300752,1522425600000,1556294400000,,mcp,1556294400000,0.63
300753,1522425600000,1556294400000,,mcp,1556294400000,0.2
300755,1522425600000,1556467200000,,mcp,1556467200000,0.35
300755,1538236800000,1571673600000,,mcp,1571673600000,1.14
300756,1522425600000,1556208000000,,mcp,1556208000000,1.05
300757,1522425600000,1556294400000,,mcp,1556294400000,0.0765
300758,1522425600000,1556208000000,,mcp,1556208000000,0.26
300759,1522425600000,1556467200000,,mcp,1556467200000,0.0691
300760,1530288000000,1567008000000,,mcp,1567008000000,1.71
300761,1522425600000,1556208000000,,mcp,1556208000000,1.0761
300762,1522425600000,1556294400000,,mcp,1556294400000,-0.1566
300762,1530288000000,1567094400000,,mcp,1567094400000,-0.3658
300762,1538236800000,1572019200000,,mcp,1572019200000,0.3501
300763,1522425600000,1556121600000,,mcp,1556121600000,0.1
300763,1530288000000,1566921600000,,mcp,1566921600000,0.71
300763,1538236800000,1571932800000,,mcp,1571932800000,1.35
300765,1522425600000,1556467200000,,mcp,1556467200000,0.3345
300765,1538236800000,1572192000000,,mcp,1572192000000,1.138
300766,1522425600000,1556208000000,,mcp,1556208000000,0.19
300766,1530288000000,1566921600000,,mcp,1566921600000,0.35
300766,1538236800000,1572192000000,,mcp,1572192000000,0.53
300767,1522425600000,1556208000000,,mcp,1556208000000,0.2487
300767,1530288000000,1567094400000,,mcp,1567094400000,0.9157
300767,1538236800000,1572364800000,,mcp,1572364800000,1.4684
300767,1688054400000,1693238400000,,mcp,1693238400000,0.0601
300768,1522425600000,1556035200000,,mcp,1556035200000,0.1126
300768,1530288000000,1566921600000,,mcp,1566921600000,0.21
300768,1538236800000,1572278400000,,mcp,1572278400000,0.37
300769,1522425600000,1556121600000,,mcp,1556121600000,0.4494
300769,1530288000000,1566403200000,,mcp,1566403200000,0.99
300769,1538236800000,1572364800000,,mcp,1572364800000,1.93
300770,1522425600000,1556467200000,,mcp,1556467200000,0.4
300770,1530288000000,1567008000000,,mcp,1567008000000,1.09
300770,1538236800000,1572019200000,,mcp,1572019200000,1.62
300770,1696003200000,1698422400000,,mcp,1698422400000,2.18
300771,1522425600000,1556467200000,,mcp,1556467200000,0.73
300771,1530288000000,1566230400000,,mcp,1566230400000,1.23
300771,1538236800000,1572278400000,,mcp,1572278400000,2.23
300772,1530288000000,1567094400000,,mcp,1567094400000,0.04
300772,1538236800000,1572192000000,,mcp,1572192000000,-0.28
300773,1530288000000,1565884800000,,mcp,1565884800000,0.81
300773,1538236800000,1571760000000,,mcp,1571760000000,1.35
300773,1696003200000,1697817600000,,mcp,1697817600000,0.8
300774,1601395200000,1635177600000,,mcp,1635177600000,0.19
300775,1538236800000,1571846400000,,mcp,1571846400000,0.23
300776,1538236800000,1572019200000,,mcp,1572019200000,2.35
300777,1530288000000,1566748800000,,mcp,1566748800000,0.12
300777,1538236800000,1571932800000,,mcp,1571932800000,0.1261
300778,1530288000000,1566316800000,,mcp,1566316800000,0.77
300778,1538236800000,1572278400000,,mcp,1572278400000,1.1764
300779,1530288000000,1564070400000,,mcp,1564070400000,0.38
300779,1538236800000,1571932800000,,mcp,1571932800000,0.54
300780,1530288000000,1567094400000,,mcp,1567094400000,0.33
300780,1538236800000,1572278400000,,mcp,1572278400000,0.54
300781,1530288000000,1567094400000,,mcp,1567094400000,0.53
300781,1538236800000,1572364800000,,mcp,1572364800000,0.6865
300782,1530288000000,1567094400000,,mcp,1567094400000,0.9282
300782,1538236800000,1572278400000,,mcp,1572278400000,1.8305
300783,1530288000000,1567094400000,,mcp,1567094400000,0.5785
300783,1538236800000,1572364800000,,mcp,1572364800000,0.7439
300785,1530288000000,1567094400000,,mcp,1567094400000,1.02
300785,1538236800000,1572019200000,,mcp,1572019200000,0.95
300787,1538236800000,1572364800000,,mcp,1572364800000,1.2113
300788,1538236800000,1572192000000,,mcp,1572192000000,1.01
300788,1553961600000,1588003200000,,mcp,1588003200000,0.4
300789,1538236800000,1571932800000,,mcp,1571932800000,1.06
300789,1553961600000,1587916800000,,mcp,1587916800000,0.3
300790,1538236800000,1572192000000,,mcp,1572192000000,0.7
300790,1553961600000,1586880000000,,mcp,1586880000000,0.19
300790,1719676800000,1724947200000,,mcp,1724947200000,0.27
300791,1538236800000,1572278400000,,mcp,1572278400000,2.27
300791,1553961600000,1588089600000,,mcp,1588089600000,0.61
300792,1538236800000,1572192000000,,mcp,1572192000000,1.2391
300792,1553961600000,1587744000000,,mcp,1587744000000,0.54
300793,1538236800000,1572192000000,,mcp,1572192000000,0.63
300793,1553961600000,1588089600000,,mcp,1588089600000,0.02
300795,1538236800000,1572364800000,,mcp,1572364800000,0.33
300795,1553961600000,1588089600000,,mcp,1588089600000,-0.3
300796,1553961600000,1588003200000,,mcp,1588003200000,0.25
300797,1553961600000,1587916800000,,mcp,1587916800000,0.0751
300798,1553961600000,1587312000000,,mcp,1587312000000,0.0653
300800,1553961600000,1588089600000,,mcp,1588089600000,1.05
300801,1553961600000,1587398400000,,mcp,1587398400000,0.18
300802,1553961600000,1587744000000,,mcp,1587744000000,0.29
300803,1553961600000,1588089600000,,mcp,1588089600000,-0.13
300805,1553961600000,1588089600000,,mcp,1588089600000,0.04
300806,1553961600000,1588003200000,,mcp,1588003200000,-0.17
300808,1553961600000,1587744000000,,mcp,1587744000000,0.11
300809,1553961600000,1588003200000,,mcp,1588003200000,0.3
300810,1553961600000,1587916800000,,mcp,1587916800000,0.4
300811,1553961600000,1588003200000,,mcp,1588003200000,0.4
300811,1759161600000,1761062400000,,mcp,1761062400000,1.0221
300812,1553961600000,1588003200000,,mcp,1588003200000,0.09
300813,1553961600000,1588003200000,,mcp,1588003200000,0.13
300814,1601395200000,1635436800000,,mcp,1635436800000,0.62
300815,1553961600000,1588003200000,,mcp,1588003200000,0.56
300816,1553961600000,1588089600000,,mcp,1588089600000,0.48
300817,1553961600000,1587571200000,,mcp,1587571200000,0.22
300818,1553961600000,1587916800000,,mcp,1587916800000,0.29
300818,1569772800000,1603814400000,,mcp,1603814400000,1.09
300819,1553961600000,1588089600000,,mcp,1588089600000,0.1
300820,1553961600000,1587657600000,,mcp,1587657600000,0.54
300820,1569772800000,1603728000000,,mcp,1603728000000,1.23
300821,1553961600000,1587916800000,,mcp,1587916800000,0.09
300821,1561824000000,1598457600000,,mcp,1598457600000,0.35
300822,1553961600000,1587916800000,,mcp,1587916800000,0.4802
300822,1569772800000,1603900800000,,mcp,1603900800000,1.4277
300823,1553961600000,1587744000000,,mcp,1587744000000,0.24
300823,1561824000000,1598371200000,,mcp,1598371200000,0.67
300823,1569772800000,1603814400000,,mcp,1603814400000,0.98
300824,1569772800000,1603900800000,,mcp,1603900800000,0.2638
300825,1553961600000,1588003200000,,mcp,1588003200000,0.1776
300825,1569772800000,1603900800000,,mcp,1603900800000,0.4518
300826,1553961600000,1588003200000,,mcp,1588003200000,0.22
300826,1561824000000,1597852800000,,mcp,1597852800000,0.58
300826,1569772800000,1603900800000,,mcp,1603900800000,0.69
300827,1553961600000,1588003200000,,mcp,1588003200000,0.2967
300827,1561824000000,1598457600000,,mcp,1598457600000,0.5648
300827,1569772800000,1603987200000,,mcp,1603987200000,0.89
300828,1553961600000,1588089600000,,mcp,1588089600000,0.15
300828,1569772800000,1603814400000,,mcp,1603814400000,0.55
300829,1569772800000,1603814400000,,mcp,1603814400000,1.12
300829,1703952000000,1713715200000,,mcp,1713715200000,0.47
300830,1569772800000,1603900800000,,mcp,1603900800000,0.06
300831,1561824000000,1598457600000,,mcp,1598457600000,0.1217
300831,1569772800000,1603814400000,,mcp,1603814400000,0.119
300832,1561824000000,1598025600000,,mcp,1598025600000,0.9137
300832,1569772800000,1603900800000,,mcp,1603900800000,1.5128
300833,1569772800000,1603900800000,,mcp,1603900800000,2.374
300834,1617120000000,1650988800000,,mcp,1650988800000,0.6
300835,1569772800000,1603814400000,,mcp,1603814400000,1.16
300836,1569772800000,1603900800000,,mcp,1603900800000,0.5926
300837,1561824000000,1595952000000,,mcp,1595952000000,0.61
300837,1569772800000,1603209600000,,mcp,1603209600000,0.94
300838,1569772800000,1603728000000,,mcp,1603728000000,0.47
300839,1569772800000,1603728000000,,mcp,1603728000000,0.69
300840,1561824000000,1598371200000,,mcp,1598371200000,0.18
300840,1569772800000,1603987200000,,mcp,1603987200000,0.2251
300841,1561824000000,1598284800000,,mcp,1598284800000,1.8838
300841,1569772800000,1603296000000,,mcp,1603296000000,1.9659
300842,1569772800000,1603814400000,,mcp,1603814400000,0.59
300843,1569772800000,1603900800000,,mcp,1603900800000,0.5
300843,1688054400000,1693238400000,,mcp,1693238400000,0.29
300844,1601395200000,1635350400000,,mcp,1635350400000,2.16
300844,1617120000000,1650988800000,,mcp,1650988800000,-0.01
300845,1569772800000,1603468800000,,mcp,1603468800000,0.31
300846,1569772800000,1603814400000,,mcp,1603814400000,0.1369
300847,1569772800000,1603814400000,,mcp,1603814400000,0.36
300848,1569772800000,1603123200000,,mcp,1603123200000,1.06
300849,1569772800000,1603814400000,,mcp,1603814400000,0.6533
300850,1569772800000,1603728000000,,mcp,1603728000000,0.71
300851,1569772800000,1603814400000,,mcp,1603814400000,0.5648
300852,1569772800000,1603123200000,,mcp,1603123200000,1.4108
300853,1569772800000,1603814400000,,mcp,1603814400000,1.04
300854,1601395200000,1635436800000,,mcp,1635436800000,0.6
300854,1617120000000,1650988800000,,mcp,1650988800000,0.12
300855,1569772800000,1603814400000,,mcp,1603814400000,0.49
300856,1569772800000,1603382400000,,mcp,1603382400000,1.1998
300856,1585584000000,1619193600000,,mcp,1619193600000,0.5562
300857,1569772800000,1603814400000,,mcp,1603814400000,0.35
300858,1561824000000,1598544000000,,mcp,1598544000000,0.65
300858,1569772800000,1603900800000,,mcp,1603900800000,1.09
300859,1569772800000,1603900800000,,mcp,1603900800000,0.72
300860,1569772800000,1602691200000,,mcp,1602691200000,3.25
300860,1585584000000,1619452800000,,mcp,1619452800000,0.37
300860,1688054400000,1693324800000,,mcp,1693324800000,0.0
300861,1569772800000,1603900800000,,mcp,1603900800000,0.8845
300861,1585584000000,1619625600000,,mcp,1619625600000,0.33
300862,1569772800000,1603814400000,,mcp,1603814400000,0.54
300862,1585584000000,1619452800000,,mcp,1619452800000,0.03
300863,1569772800000,1603900800000,,mcp,1603900800000,0.85
300863,1585584000000,1619452800000,,mcp,1619452800000,0.24
300864,1569772800000,1603900800000,,mcp,1603900800000,1.97
300864,1585584000000,1619539200000,,mcp,1619539200000,0.58
300865,1569772800000,1603382400000,,mcp,1603382400000,0.9144
300865,1585584000000,1619020800000,,mcp,1619020800000,0.254
300865,1688054400000,1691769600000,,mcp,1691769600000,0.0942
300866,1569772800000,1603900800000,,mcp,1603900800000,1.26
300866,1585584000000,1619625600000,,mcp,1619625600000,0.38
300867,1569772800000,1603814400000,,mcp,1603814400000,0.8171
300867,1585584000000,1619452800000,,mcp,1619452800000,0.2661
300868,1569772800000,1603900800000,,mcp,1603900800000,1.1145
300868,1585584000000,1619193600000,,mcp,1619193600000,0.2877
300869,1569772800000,1603641600000,,mcp,1603641600000,0.11
300869,1585584000000,1619539200000,,mcp,1619539200000,0.1895
300870,1569772800000,1603900800000,,mcp,1603900800000,1.0266
300870,1585584000000,1619539200000,,mcp,1619539200000,0.36
300871,1569772800000,1603814400000,,mcp,1603814400000,0.43
300871,1585584000000,1619452800000,,mcp,1619452800000,0.31
300872,1569772800000,1603814400000,,mcp,1603814400000,0.31
300872,1585584000000,1619452800000,,mcp,1619452800000,-0.13
300873,1569772800000,1603814400000,,mcp,1603814400000,0.9102
300873,1585584000000,1619107200000,,mcp,1619107200000,0.3681
300875,1569772800000,1603296000000,,mcp,1603296000000,1.08
300875,1585584000000,1618502400000,,mcp,1618502400000,-0.1
300876,1569772800000,1603382400000,,mcp,1603382400000,0.6121
300876,1585584000000,1619452800000,,mcp,1619452800000,0.22
300877,1569772800000,1603036800000,,mcp,1603036800000,0.69
300877,1585584000000,1618848000000,,mcp,1618848000000,0.29
300877,1696003200000,1698249600000,,mcp,1698249600000,0.15
300878,1569772800000,1603814400000,,mcp,1603814400000,1.3848
300878,1585584000000,1619452800000,,mcp,1619452800000,0.2608
300879,1569772800000,1603814400000,,mcp,1603814400000,0.42
300879,1585584000000,1619452800000,,mcp,1619452800000,0.36
300880,1569772800000,1603814400000,,mcp,1603814400000,0.43
300880,1585584000000,1619107200000,,mcp,1619107200000,0.1137
300881,1569772800000,1603468800000,,mcp,1603468800000,0.61
300881,1585584000000,1619452800000,,mcp,1619452800000,0.15
300882,1569772800000,1603900800000,,mcp,1603900800000,0.42
300882,1585584000000,1619539200000,,mcp,1619539200000,0.09
300883,1569772800000,1603900800000,,mcp,1603900800000,0.2146
300883,1585584000000,1619539200000,,mcp,1619539200000,0.0434
300884,1601395200000,1635350400000,,mcp,1635350400000,0.82
300884,1696003200000,1698422400000,,mcp,1698422400000,0.2646
300885,1569772800000,1603728000000,,mcp,1603728000000,0.76
300885,1585584000000,1619452800000,,mcp,1619452800000,0.166
300886,1569772800000,1603728000000,,mcp,1603728000000,0.7731
300886,1585584000000,1619452800000,,mcp,1619452800000,0.1958
300887,1569772800000,1603900800000,,mcp,1603900800000,0.6044
300887,1585584000000,1619452800000,,mcp,1619452800000,-0.7763
300888,1569772800000,1603814400000,,mcp,1603814400000,1.07
300888,1585584000000,1619452800000,,mcp,1619452800000,0.8468
300889,1569772800000,1603900800000,,mcp,1603900800000,0.8758
300890,1569772800000,1603814400000,,mcp,1603814400000,0.6415
300890,1585584000000,1618934400000,,mcp,1618934400000,0.0482
300891,1569772800000,1603900800000,,mcp,1603900800000,0.29
300891,1585584000000,1619452800000,,mcp,1619452800000,0.08
300892,1569772800000,1603814400000,,mcp,1603814400000,0.7637
300892,1585584000000,1619107200000,,mcp,1619107200000,0.33
300893,1569772800000,1603814400000,,mcp,1603814400000,0.7345
300894,1585584000000,1619107200000,,mcp,1619107200000,-0.02
300894,1703952000000,1713715200000,,mcp,1713715200000,0.61
300895,1585584000000,1618416000000,,mcp,1618416000000,0.1125
300896,1569772800000,1603814400000,,mcp,1603814400000,2.45
300896,1585584000000,1619452800000,,mcp,1619452800000,0.48
300897,1569772800000,1603728000000,,mcp,1603728000000,0.48
300897,1585584000000,1619107200000,,mcp,1619107200000,0.13
300898,1585584000000,1619452800000,,mcp,1619452800000,0.0045
300899,1569772800000,1603900800000,,mcp,1603900800000,0.77
300899,1585584000000,1619107200000,,mcp,1619107200000,-0.1637
300899,1751212800000,1756310400000,,mcp,1756310400000,0.4963
300900,1585584000000,1619625600000,,mcp,1619625600000,-0.02
300901,1585584000000,1619539200000,,mcp,1619539200000,0.11
300902,1585584000000,1619452800000,,mcp,1619452800000,0.11
300905,1585584000000,1618502400000,,mcp,1618502400000,0.22
300906,1585584000000,1619020800000,,mcp,1619020800000,0.0072
300907,1585584000000,1619452800000,,mcp,1619452800000,-0.0297
300908,1585584000000,1618934400000,,mcp,1618934400000,0.38
300909,1585584000000,1619539200000,,mcp,1619539200000,0.17
300910,1585584000000,1619366400000,,mcp,1619366400000,0.24
300911,1585584000000,1619452800000,,mcp,1619452800000,0.0705
300912,1585584000000,1619452800000,,mcp,1619452800000,0.12
300913,1585584000000,1619107200000,,mcp,1619107200000,0.1561
300915,1585584000000,1619107200000,,mcp,1619107200000,0.0861
300916,1585584000000,1619107200000,,mcp,1619107200000,0.48
300917,1585584000000,1619539200000,,mcp,1619539200000,0.2173
300917,1703952000000,1713715200000,,mcp,1713715200000,0.71
300918,1585584000000,1619539200000,,mcp,1619539200000,0.08
300919,1601395200000,1635350400000,,mcp,1635350400000,0.55
300920,1585584000000,1619539200000,,mcp,1619539200000,0.35
300921,1585584000000,1619020800000,,mcp,1619020800000,0.39
300921,1601395200000,1635523200000,,mcp,1635523200000,0.56
300923,1585584000000,1618934400000,,mcp,1618934400000,0.0793
300925,1585584000000,1619625600000,,mcp,1619625600000,0.21
300926,1585584000000,1619625600000,,mcp,1619625600000,0.06
300926,1688054400000,1692028800000,,mcp,1692028800000,0.542
300927,1585584000000,1619452800000,,mcp,1619452800000,0.212
300928,1585584000000,1619107200000,,mcp,1619107200000,0.01
300929,1585584000000,1619193600000,,mcp,1619193600000,0.18
300929,1601395200000,1635264000000,,mcp,1635264000000,0.67
300930,1585584000000,1619452800000,,mcp,1619452800000,0.09
300931,1593446400000,1627401600000,,mcp,1627401600000,0.09
300932,1585584000000,1619539200000,,mcp,1619539200000,0.3
300933,1585584000000,1619452800000,,mcp,1619452800000,0.0382
300935,1585584000000,1619539200000,,mcp,1619539200000,-0.05
300936,1585584000000,1619452800000,,mcp,1619452800000,0.1432
300937,1585584000000,1618502400000,,mcp,1618502400000,0.15
300938,1585584000000,1619539200000,,mcp,1619539200000,-0.0508
300939,1585584000000,1619452800000,,mcp,1619452800000,0.19
300940,1585584000000,1619452800000,,mcp,1619452800000,0.1405
300940,1688054400000,1693238400000,,mcp,1693238400000,-0.4154
300941,1585584000000,1619539200000,,mcp,1619539200000,0.14
300942,1585584000000,1619625600000,,mcp,1619625600000,0.09
300943,1585584000000,1619366400000,,mcp,1619366400000,0.11
300945,1585584000000,1619625600000,,mcp,1619625600000,0.04
300945,1688054400000,1693324800000,,mcp,1693324800000,0.25
300946,1585584000000,1618934400000,,mcp,1618934400000,0.31
300947,1585584000000,1619452800000,,mcp,1619452800000,0.77
300948,1585584000000,1619452800000,,mcp,1619452800000,0.12
300949,1585584000000,1619625600000,,mcp,1619625600000,-0.03
300949,1601395200000,1635264000000,,mcp,1635264000000,1.37
300950,1585584000000,1619452800000,,mcp,1619452800000,-0.0255
300950,1601395200000,1635350400000,,mcp,1635350400000,0.3634
300951,1585584000000,1619366400000,,mcp,1619366400000,0.31
300951,1601395200000,1635264000000,,mcp,1635264000000,1.52
300952,1585584000000,1619452800000,,mcp,1619452800000,0.1542
300952,1601395200000,1635177600000,,mcp,1635177600000,0.79
300953,1585584000000,1619366400000,,mcp,1619366400000,0.01
300953,1601395200000,1635177600000,,mcp,1635177600000,0.97
300955,1585584000000,1619625600000,,mcp,1619625600000,0.07
300955,1601395200000,1635264000000,,mcp,1635264000000,0.88
300956,1601395200000,1635177600000,,mcp,1635177600000,0.8638
300957,1585584000000,1619625600000,,mcp,1619625600000,0.15
300957,1601395200000,1635264000000,,mcp,1635264000000,0.6
300958,1585584000000,1619366400000,,mcp,1619366400000,-0.08
300959,1585584000000,1619452800000,,mcp,1619452800000,0.32
300959,1601395200000,1635264000000,,mcp,1635264000000,0.97
300960,1585584000000,1619539200000,,mcp,1619539200000,0.02
300960,1601395200000,1635264000000,,mcp,1635264000000,0.44
300960,1696003200000,1698422400000,,mcp,1698422400000,0.1562
300960,1759161600000,1761580800000,,mcp,1761580800000,0.185
300961,1585584000000,1619539200000,,mcp,1619539200000,-0.03
300961,1601395200000,1635350400000,,mcp,1635350400000,0.42
300962,1585584000000,1619539200000,,mcp,1619539200000,0.0142
300962,1601395200000,1635264000000,,mcp,1635264000000,0.2347
300962,1696003200000,1698163200000,,mcp,1698163200000,0.3656
300963,1585584000000,1619452800000,,mcp,1619452800000,0.037
300963,1601395200000,1635264000000,,mcp,1635264000000,0.5481
300964,1601395200000,1635350400000,,mcp,1635350400000,1.1153
300965,1585584000000,1619107200000,,mcp,1619107200000,0.4486
300965,1601395200000,1635177600000,,mcp,1635177600000,1.5722
300966,1585584000000,1619625600000,,mcp,1619625600000,-0.03
300966,1601395200000,1635264000000,,mcp,1635264000000,0.36
300966,1688054400000,1693238400000,,mcp,1693238400000,0.15
300966,1703952000000,1714060800000,,mcp,1714060800000,0.2
300967,1585584000000,1619625600000,,mcp,1619625600000,0.121
300967,1727625600000,1729180800000,,mcp,1729180800000,-0.0451
300968,1585584000000,1619539200000,,mcp,1619539200000,0.04
300968,1601395200000,1635436800000,,mcp,1635436800000,0.32
300968,1751212800000,1756396800000,,mcp,1756396800000,0.0015
300969,1585584000000,1619539200000,,mcp,1619539200000,0.24
300969,1601395200000,1635436800000,,mcp,1635436800000,0.7
300970,1585584000000,1619539200000,,mcp,1619539200000,1.65
300970,1601395200000,1635264000000,,mcp,1635264000000,2.33
300970,1688054400000,1692374400000,,mcp,1692374400000,0.9148
300971,1585584000000,1619539200000,,mcp,1619539200000,0.07
300971,1601395200000,1635177600000,,mcp,1635177600000,0.8
300972,1585584000000,1619625600000,,mcp,1619625600000,0.47
300972,1601395200000,1635264000000,,mcp,1635264000000,0.62
300973,1585584000000,1619539200000,,mcp,1619539200000,0.144
300973,1601395200000,1635436800000,,mcp,1635436800000,1.25
300975,1585584000000,1619625600000,,mcp,1619625600000,0.0986
300976,1585584000000,1619625600000,,mcp,1619625600000,0.9
300976,1601395200000,1635350400000,,mcp,1635350400000,3.84
300977,1585584000000,1619625600000,,mcp,1619625600000,-0.2844
300977,1601395200000,1635177600000,,mcp,1635177600000,1.374
300978,1585584000000,1619625600000,,mcp,1619625600000,0.078
300978,1601395200000,1635436800000,,mcp,1635436800000,0.38
300979,1585584000000,1619625600000,,mcp,1619625600000,0.39
300979,1601395200000,1635350400000,,mcp,1635350400000,1.25
300980,1585584000000,1619625600000,,mcp,1619625600000,0.13
300980,1601395200000,1634832000000,,mcp,1634832000000,0.92
300981,1601395200000,1635264000000,,mcp,1635264000000,12.8251
300981,1719676800000,1724947200000,,mcp,1724947200000,0.0836
300982,1601395200000,1635350400000,,mcp,1635350400000,1.41
300983,1585584000000,1619625600000,,mcp,1619625600000,0.59
300983,1601395200000,1635350400000,,mcp,1635350400000,2.844
300984,1601395200000,1635264000000,,mcp,1635264000000,1.01
300985,1593446400000,1629907200000,,mcp,1629907200000,1.181
300986,1601395200000,1635264000000,,mcp,1635264000000,1.31
300987,1601395200000,1635350400000,,mcp,1635350400000,0.28
300988,1601395200000,1635350400000,,mcp,1635350400000,0.75
300989,1601395200000,1635177600000,,mcp,1635177600000,1.12
300990,1601395200000,1635177600000,,mcp,1635177600000,2.22
300991,1601395200000,1635264000000,,mcp,1635264000000,0.71
300992,1593446400000,1629907200000,,mcp,1629907200000,0.57
300993,1601395200000,1635264000000,,mcp,1635264000000,0.74
300994,1601395200000,1635177600000,,mcp,1635177600000,0.65
300995,1601395200000,1635177600000,,mcp,1635177600000,1.15
300996,1601395200000,1635177600000,,mcp,1635177600000,0.1768
300997,1601395200000,1635177600000,,mcp,1635177600000,0.3091
300998,1601395200000,1635264000000,,mcp,1635264000000,0.3884
300999,1569772800000,1604073600000,,mcp,1604073600000,0.72
300999,1585584000000,1619712000000,,mcp,1619712000000,0.25
301000,1601395200000,1635264000000,,mcp,1635264000000,1.661
301002,1601395200000,1635177600000,,mcp,1635177600000,0.88
301003,1601395200000,1635264000000,,mcp,1635264000000,1.7373
301004,1593446400000,1629907200000,,mcp,1629907200000,0.39
301004,1601395200000,1635436800000,,mcp,1635436800000,0.53
301005,1601395200000,1635177600000,,mcp,1635177600000,1.19
301006,1601395200000,1635264000000,,mcp,1635264000000,1.13
301007,1601395200000,1635264000000,,mcp,1635264000000,0.25
301008,1601395200000,1635177600000,,mcp,1635177600000,1.0
301009,1601395200000,1635350400000,,mcp,1635350400000,0.8242
301010,1601395200000,1635350400000,,mcp,1635350400000,0.24
301011,1601395200000,1635350400000,,mcp,1635350400000,0.33
301012,1601395200000,1635350400000,,mcp,1635350400000,0.57
301012,1696003200000,1698163200000,,mcp,1698163200000,0.0226
301013,1593446400000,1629648000000,,mcp,1629648000000,0.39
301015,1601395200000,1635436800000,,mcp,1635436800000,0.34
301016,1601395200000,1635177600000,,mcp,1635177600000,0.96
301017,1601395200000,1635436800000,,mcp,1635436800000,0.34
301018,1601395200000,1635264000000,,mcp,1635264000000,0.3
301019,1601395200000,1635350400000,,mcp,1635350400000,1.05
301020,1601395200000,1635264000000,,mcp,1635264000000,0.67
301021,1601395200000,1635436800000,,mcp,1635436800000,0.2587
301022,1601395200000,1635177600000,,mcp,1635177600000,1.0125
301022,1703952000000,1713801600000,,mcp,1713801600000,0.2799
301023,1601395200000,1635264000000,,mcp,1635264000000,1.8107
301024,1601395200000,1635177600000,,mcp,1635177600000,1.6413
301025,1601395200000,1634832000000,,mcp,1634832000000,0.0924
301026,1601395200000,1635177600000,,mcp,1635177600000,0.9308
301027,1601395200000,1635264000000,,mcp,1635264000000,0.66
301028,1593446400000,1629993600000,,mcp,1629993600000,0.21
301029,1601395200000,1635264000000,,mcp,1635264000000,0.52
301030,1601395200000,1635264000000,,mcp,1635264000000,0.23
301031,1601395200000,1635264000000,,mcp,1635264000000,0.7917
301031,1688054400000,1692892800000,,mcp,1692892800000,0.858
301031,1751212800000,1756310400000,,mcp,1756310400000,1.39
301032,1601395200000,1635177600000,,mcp,1635177600000,0.35
301033,1593446400000,1630080000000,,mcp,1630080000000,0.31
301035,1601395200000,1635350400000,,mcp,1635350400000,2.07
301036,1601395200000,1635091200000,,mcp,1635091200000,1.45
301037,1601395200000,1635436800000,,mcp,1635436800000,1.1307
301038,1601395200000,1635436800000,,mcp,1635436800000,0.5112
301039,1601395200000,1635264000000,,mcp,1635264000000,0.49
301040,1601395200000,1635177600000,,mcp,1635177600000,1.3148
301041,1601395200000,1635264000000,,mcp,1635264000000,0.46
301042,1601395200000,1635177600000,,mcp,1635177600000,1.0393
301043,1601395200000,1635436800000,,mcp,1635436800000,0.95
301045,1593446400000,1629993600000,,mcp,1629993600000,0.58
301046,1593446400000,1630252800000,,mcp,1630252800000,0.39
301047,1593446400000,1629993600000,,mcp,1629993600000,6.5622
301048,1601395200000,1635264000000,,mcp,1635264000000,0.0
301049,1601395200000,1635177600000,,mcp,1635177600000,1.42
301049,1617120000000,1650902400000,,mcp,1650902400000,0.2836
301050,1617120000000,1650816000000,,mcp,1650816000000,1.09
301051,1601395200000,1635350400000,,mcp,1635350400000,2.58
301051,1617120000000,1650988800000,,mcp,1650988800000,1.29
301052,1601395200000,1635177600000,,mcp,1635177600000,0.3732
301052,1617120000000,1651075200000,,mcp,1651075200000,0.1363
301053,1601395200000,1635177600000,,mcp,1635177600000,0.59
301053,1617120000000,1650470400000,,mcp,1650470400000,0.1983
301055,1601395200000,1635177600000,,mcp,1635177600000,0.4438
301055,1617120000000,1651161600000,,mcp,1651161600000,0.2
301056,1601395200000,1635350400000,,mcp,1635350400000,0.21
301056,1617120000000,1650902400000,,mcp,1650902400000,0.06
301057,1601395200000,1635177600000,,mcp,1635177600000,0.48
301057,1617120000000,1650988800000,,mcp,1650988800000,0.19
301058,1601395200000,1635264000000,,mcp,1635264000000,0.1
301058,1617120000000,1650816000000,,mcp,1650816000000,0.04
301059,1601395200000,1635264000000,,mcp,1635264000000,0.44
301059,1617120000000,1650988800000,,mcp,1650988800000,0.14
301060,1601395200000,1635264000000,,mcp,1635264000000,0.2634
301060,1617120000000,1651161600000,,mcp,1651161600000,0.1513
301060,1751212800000,1756137600000,,mcp,1756137600000,-0.01
301061,1601395200000,1635264000000,,mcp,1635264000000,2.57
301061,1617120000000,1651161600000,,mcp,1651161600000,1.39
301062,1601395200000,1635436800000,,mcp,1635436800000,0.21
301062,1617120000000,1651161600000,,mcp,1651161600000,0.12
301063,1617120000000,1651075200000,,mcp,1651075200000,0.29
301065,1601395200000,1635177600000,,mcp,1635177600000,1.25
301065,1617120000000,1650902400000,,mcp,1650902400000,0.29
301066,1601395200000,1635350400000,,mcp,1635350400000,0.45
301066,1617120000000,1650902400000,,mcp,1650902400000,0.13
301067,1601395200000,1635264000000,,mcp,1635264000000,1.13
301067,1617120000000,1651075200000,,mcp,1651075200000,0.31
301068,1601395200000,1635091200000,,mcp,1635091200000,0.93
301068,1617120000000,1651075200000,,mcp,1651075200000,0.26
301069,1617120000000,1650556800000,,mcp,1650556800000,0.1429
301070,1601395200000,1635264000000,,mcp,1635264000000,1.15
301070,1617120000000,1650902400000,,mcp,1650902400000,0.06
301071,1617120000000,1650988800000,,mcp,1650988800000,0.9
301072,1601395200000,1635350400000,,mcp,1635350400000,0.43
301072,1617120000000,1651075200000,,mcp,1651075200000,0.19
301073,1617120000000,1650902400000,,mcp,1650902400000,0.12
301075,1601395200000,1634745600000,,mcp,1634745600000,1.01
301075,1617120000000,1650988800000,,mcp,1650988800000,0.36
301076,1601395200000,1635350400000,,mcp,1635350400000,0.96
301076,1617120000000,1650902400000,,mcp,1650902400000,0.35
301077,1601395200000,1635264000000,,mcp,1635264000000,1.43
301077,1617120000000,1650816000000,,mcp,1650816000000,0.5
301078,1601395200000,1635523200000,,mcp,1635523200000,0.2644
301078,1617120000000,1651075200000,,mcp,1651075200000,0.0415
301079,1617120000000,1650988800000,,mcp,1650988800000,0.13
301080,1601395200000,1635436800000,,mcp,1635436800000,1.2962
301080,1617120000000,1650643200000,,mcp,1650643200000,0.6756
301081,1617120000000,1650902400000,,mcp,1650902400000,0.17
301082,1617120000000,1651075200000,,mcp,1651075200000,0.09
301083,1617120000000,1651161600000,,mcp,1651161600000,0.1182
301083,1688054400000,1692288000000,,mcp,1692288000000,0.1007
301083,1696003200000,1698163200000,,mcp,1698163200000,0.1824
301085,1601395200000,1635436800000,,mcp,1635436800000,1.35
301085,1617120000000,1650988800000,,mcp,1650988800000,0.4
301086,1601395200000,1635264000000,,mcp,1635264000000,1.71
301086,1617120000000,1650816000000,,mcp,1650816000000,0.66
301087,1601395200000,1635436800000,,mcp,1635436800000,2.76
301087,1617120000000,1651075200000,,mcp,1651075200000,1.0864
301088,1617120000000,1650643200000,,mcp,1650643200000,0.31
301089,1617120000000,1650556800000,,mcp,1650556800000,0.32
301090,1601395200000,1635523200000,,mcp,1635523200000,0.4489
301090,1617120000000,1651161600000,,mcp,1651161600000,0.12
301091,1601395200000,1635609600000,,mcp,1635609600000,0.3825
301091,1617120000000,1650556800000,,mcp,1650556800000,-0.21
301092,1522425600000,1556640000000,,mcp,1556640000000,0.06
301092,1617120000000,1651161600000,,mcp,1651161600000,0.24
301093,1617120000000,1651161600000,,mcp,1651161600000,0.407
301095,1632931200000,1666540800000,,mcp,1666540800000,0.173
301096,1617120000000,1650902400000,,mcp,1650902400000,0.05
301097,1617120000000,1651075200000,,mcp,1651075200000,0.26
301097,1632931200000,1666627200000,,mcp,1666627200000,1.28
301098,1617120000000,1650556800000,,mcp,1650556800000,0.5
301099,1617120000000,1650816000000,,mcp,1650816000000,0.15
301100,1617120000000,1650988800000,,mcp,1650988800000,0.25
301101,1617120000000,1650816000000,,mcp,1650816000000,0.1291
301102,1617120000000,1650988800000,,mcp,1650988800000,0.3464
301102,1632931200000,1666713600000,,mcp,1666713600000,1.0656
301103,1617120000000,1651161600000,,mcp,1651161600000,0.3069
301103,1632931200000,1666886400000,,mcp,1666886400000,0.7592
301106,1617120000000,1650816000000,,mcp,1650816000000,0.354
301108,1617120000000,1650988800000,,mcp,1650988800000,1.35
301109,1617120000000,1650988800000,,mcp,1650988800000,0.3458
301109,1632931200000,1666713600000,,mcp,1666713600000,0.9867
301110,1617120000000,1650816000000,,mcp,1650816000000,0.56
301110,1632931200000,1666886400000,,mcp,1666886400000,1.527
301111,1617120000000,1650902400000,,mcp,1650902400000,0.09
301112,1632931200000,1666713600000,,mcp,1666713600000,0.89
301113,1617120000000,1651075200000,,mcp,1651075200000,0.33
301113,1688054400000,1693411200000,,mcp,1693411200000,0.07
301115,1632931200000,1666800000000,,mcp,1666800000000,0.79
301116,1617120000000,1651075200000,,mcp,1651075200000,0.08
301117,1617120000000,1650556800000,,mcp,1650556800000,-0.1
301118,1569772800000,1605110400000,,mcp,1605110400000,0.9906
301118,1617120000000,1651161600000,,mcp,1651161600000,0.6004
301119,1617120000000,1651161600000,,mcp,1651161600000,0.21
301120,1617120000000,1651075200000,,mcp,1651075200000,0.05
301120,1632931200000,1666713600000,,mcp,1666713600000,0.28
301121,1632931200000,1666713600000,,mcp,1666713600000,1.77
301122,1617120000000,1650902400000,,mcp,1650902400000,0.52
301123,1617120000000,1650902400000,,mcp,1650902400000,0.2
301123,1688054400000,1693238400000,,mcp,1693238400000,0.04
301125,1632931200000,1666800000000,,mcp,1666800000000,0.76
301126,1617120000000,1651161600000,,mcp,1651161600000,0.13
301126,1751212800000,1756396800000,,mcp,1756396800000,0.004
301127,1617120000000,1650816000000,,mcp,1650816000000,0.07
301128,1617120000000,1650297600000,,mcp,1650297600000,0.0081
301129,1617120000000,1651075200000,,mcp,1651075200000,0.1
301130,1617120000000,1650988800000,,mcp,1650988800000,0.1745
301131,1617120000000,1651075200000,,mcp,1651075200000,0.4613
301131,1632931200000,1666886400000,,mcp,1666886400000,1.4785
301132,1632931200000,1666627200000,,mcp,1666627200000,0.68
301133,1617120000000,1651161600000,,mcp,1651161600000,0.14
301135,1617120000000,1651161600000,,mcp,1651161600000,0.17
301135,1632931200000,1666886400000,,mcp,1666886400000,0.7748
301136,1617120000000,1651161600000,,mcp,1651161600000,0.0394
301137,1617120000000,1650902400000,,mcp,1650902400000,0.13
301137,1632931200000,1666800000000,,mcp,1666800000000,0.4
301138,1617120000000,1651161600000,,mcp,1651161600000,0.22
301139,1632931200000,1666713600000,,mcp,1666713600000,0.63
301148,1617120000000,1651075200000,,mcp,1651075200000,0.36
301148,1632931200000,1666800000000,,mcp,1666800000000,1.16
301149,1617120000000,1651161600000,,mcp,1651161600000,0.14
301150,1632931200000,1666627200000,,mcp,1666627200000,3.74
301151,1617120000000,1651161600000,,mcp,1651161600000,0.24
301151,1632931200000,1666800000000,,mcp,1666800000000,1.01
301151,1703952000000,1714060800000,,mcp,1714060800000,0.5875
301152,1648656000000,1658419200000,,mcp,1658419200000,0.64
301153,1632931200000,1666886400000,,mcp,1666886400000,1.06
301155,1617120000000,1651075200000,,mcp,1651075200000,1.28
301156,1632931200000,1666713600000,,mcp,1666713600000,0.9034
301158,1617120000000,1650988800000,,mcp,1650988800000,0.0148
301159,1617120000000,1650902400000,,mcp,1650902400000,-0.22
301160,1632931200000,1666627200000,,mcp,1666627200000,1.66
301161,1632931200000,1666627200000,,mcp,1666627200000,0.5089
301162,1632931200000,1666627200000,,mcp,1666627200000,0.53
301163,1617120000000,1650902400000,,mcp,1650902400000,0.25
301163,1632931200000,1666886400000,,mcp,1666886400000,0.848
301165,1759161600000,1761062400000,,mcp,1761062400000,0.8554
301166,1617120000000,1650902400000,,mcp,1650902400000,0.33
301167,1617120000000,1650988800000,,mcp,1650988800000,0.2134
301168,1617120000000,1650902400000,,mcp,1650902400000,0.3
301169,1617120000000,1650988800000,,mcp,1650988800000,-0.23
301169,1751212800000,1756396800000,,mcp,1756396800000,-0.53
301171,1632931200000,1666627200000,,mcp,1666627200000,0.5
301175,1632931200000,1666540800000,,mcp,1666540800000,0.13
301176,1632931200000,1666886400000,,mcp,1666886400000,1.01
301177,1617120000000,1650556800000,,mcp,1650556800000,0.89
301178,1617120000000,1651075200000,,mcp,1651075200000,-0.02
301178,1696003200000,1698163200000,,mcp,1698163200000,-0.0706
301179,1617120000000,1650902400000,,mcp,1650902400000,0.12
301180,1617120000000,1650988800000,,mcp,1650988800000,0.11
301180,1696003200000,1698422400000,,mcp,1698422400000,0.08
301181,1617120000000,1650556800000,,mcp,1650556800000,0.35
301182,1617120000000,1650816000000,,mcp,1650816000000,0.0994
301183,1632931200000,1666800000000,,mcp,1666800000000,0.8782
301185,1522425600000,1556208000000,,mcp,1556208000000,-0.02
301185,1585584000000,1625760000000,,mcp,1625760000000,0.02
301185,1743350400000,1745856000000,,mcp,1745856000000,0.06
301186,1617120000000,1650556800000,,mcp,1650556800000,0.22
301187,1617120000000,1651161600000,,mcp,1651161600000,0.2789
301187,1632931200000,1666800000000,,mcp,1666800000000,0.73
301188,1617120000000,1650384000000,,mcp,1650384000000,0.14
301188,1688054400000,1693324800000,,mcp,1693324800000,0.17
301189,1617120000000,1650988800000,,mcp,1650988800000,0.56
301190,1617120000000,1651075200000,,mcp,1651075200000,0.0835
301191,1632931200000,1666627200000,,mcp,1666627200000,2.82
301193,1617120000000,1650902400000,,mcp,1650902400000,0.1602
301195,1632931200000,1665936000000,,mcp,1665936000000,1.5315
301196,1617120000000,1650902400000,,mcp,1650902400000,0.4349
301197,1632931200000,1666713600000,,mcp,1666713600000,0.18
301198,1617120000000,1650902400000,,mcp,1650902400000,0.16
301199,1617120000000,1650902400000,,mcp,1650902400000,0.0919
301200,1617120000000,1650470400000,,mcp,1650470400000,0.25
301201,1617120000000,1650297600000,,mcp,1650297600000,0.2887
301205,1632931200000,1666368000000,,mcp,1666368000000,1.2862
301206,1617120000000,1650988800000,,mcp,1650988800000,0.69
301207,1617120000000,1651161600000,,mcp,1651161600000,-0.0115
301208,1632931200000,1666800000000,,mcp,1666800000000,1.32
301209,1632931200000,1666540800000,,mcp,1666540800000,0.7857
301212,1617120000000,1651161600000,,mcp,1651161600000,0.36
301212,1632931200000,1666627200000,,mcp,1666627200000,0.87
301213,1617120000000,1651075200000,,mcp,1651075200000,-0.0795
301215,1617120000000,1649952000000,,mcp,1649952000000,0.019
301216,1617120000000,1651161600000,,mcp,1651161600000,0.56
301216,1632931200000,1666800000000,,mcp,1666800000000,1.07
301217,1617120000000,1650988800000,,mcp,1650988800000,0.12
301218,1617120000000,1651075200000,,mcp,1651075200000,-0.11
301218,1632931200000,1666713600000,,mcp,1666713600000,0.2842
301219,1617120000000,1650988800000,,mcp,1650988800000,3.14
301219,1632931200000,1666713600000,,mcp,1666713600000,4.47
301220,1632931200000,1666540800000,,mcp,1666540800000,0.99
301221,1617120000000,1650556800000,,mcp,1650556800000,0.14
301222,1617120000000,1650988800000,,mcp,1650988800000,0.24
301222,1632931200000,1666886400000,,mcp,1666886400000,0.89
301225,1703952000000,1713715200000,,mcp,1713715200000,1.27
301226,1617120000000,1651075200000,,mcp,1651075200000,0.24
301226,1632931200000,1666800000000,,mcp,1666800000000,0.89
301227,1632931200000,1666627200000,,mcp,1666627200000,1.33
301228,1617120000000,1651075200000,,mcp,1651075200000,-0.03
301228,1696003200000,1698336000000,,mcp,1698336000000,-0.57
301229,1617120000000,1650988800000,,mcp,1650988800000,0.3087
301231,1632931200000,1666886400000,,mcp,1666886400000,0.3543
301232,1759161600000,1761062400000,,mcp,1761062400000,0.61
301234,1632931200000,1666627200000,,mcp,1666627200000,1.0191
301235,1617120000000,1651075200000,,mcp,1651075200000,-0.14
301236,1617120000000,1650902400000,,mcp,1650902400000,0.22
301236,1632931200000,1666800000000,,mcp,1666800000000,1.33
301237,1617120000000,1650988800000,,mcp,1650988800000,0.62
301237,1696003200000,1698163200000,,mcp,1698163200000,0.2507
301237,1719676800000,1724947200000,,mcp,1724947200000,-0.0707
301238,1632931200000,1666972800000,,mcp,1666972800000,0.68
301239,1632931200000,1666800000000,,mcp,1666800000000,1.05
301248,1617120000000,1651075200000,,mcp,1651075200000,0.2
301248,1632931200000,1666800000000,,mcp,1666800000000,0.8878
301256,1617120000000,1650988800000,,mcp,1650988800000,0.07
301256,1632931200000,1666368000000,,mcp,1666368000000,0.1927
301256,1759161600000,1761062400000,,mcp,1761062400000,0.1106
301257,1632931200000,1666800000000,,mcp,1666800000000,0.98
301258,1617120000000,1650988800000,,mcp,1650988800000,0.39
301258,1632931200000,1666713600000,,mcp,1666713600000,1.2535
301259,1632931200000,1666713600000,,mcp,1666713600000,0.3676
301261,1703952000000,1714147200000,,mcp,1714147200000,1.69
301263,1601395200000,1636128000000,,mcp,1636128000000,0.71
301263,1617120000000,1650988800000,,mcp,1650988800000,0.1
301266,1632931200000,1666627200000,,mcp,1666627200000,0.78
301268,1617120000000,1651161600000,,mcp,1651161600000,0.09
301269,1632931200000,1666627200000,,mcp,1666627200000,0.1769
301270,1632931200000,1666713600000,,mcp,1666713600000,0.5594
301273,1632931200000,1666972800000,,mcp,1666972800000,0.89
301276,1632931200000,1666713600000,,mcp,1666713600000,1.4
301277,1759161600000,1761062400000,,mcp,1761062400000,0.2344
301278,1632931200000,1666800000000,,mcp,1666800000000,1.01
301279,1617120000000,1651161600000,,mcp,1651161600000,0.18
301279,1632931200000,1666800000000,,mcp,1666800000000,0.74
301282,1632931200000,1666713600000,,mcp,1666713600000,0.64
301283,1632931200000,1666800000000,,mcp,1666800000000,0.6512
301285,1632931200000,1666800000000,,mcp,1666800000000,0.26
301286,1632931200000,1666713600000,,mcp,1666713600000,0.43
301288,1617120000000,1651161600000,,mcp,1651161600000,0.0661
301288,1632931200000,1666627200000,,mcp,1666627200000,0.6651
301289,1632931200000,1666713600000,,mcp,1666713600000,1.24
301296,1632931200000,1666800000000,,mcp,1666800000000,0.33
301299,1632931200000,1666800000000,,mcp,1666800000000,1.0
301300,1632931200000,1666713600000,,mcp,1666713600000,1.28
301306,1632931200000,1666627200000,,mcp,1666627200000,0.49
301306,1743350400000,1745856000000,,mcp,1745856000000,-0.24
301308,1632931200000,1666713600000,,mcp,1666713600000,2.5563
301309,1632931200000,1666713600000,,mcp,1666713600000,1.11
301310,1759161600000,1761580800000,,mcp,1761580800000,0.6906
301312,1632931200000,1666627200000,,mcp,1666627200000,3.38
301316,1632931200000,1666886400000,,mcp,1666886400000,0.1219
301318,1632931200000,1666886400000,,mcp,1666886400000,2.39
301319,1632931200000,1666886400000,,mcp,1666886400000,1.4219
301326,1632931200000,1666800000000,,mcp,1666800000000,1.49
301327,1632931200000,1666886400000,,mcp,1666886400000,2.98
301327,1688054400000,1692374400000,,mcp,1692374400000,-0.51
301328,1632931200000,1666540800000,,mcp,1666540800000,1.41
301328,1696003200000,1698422400000,,mcp,1698422400000,0.92
301329,1727625600000,1730304000000,,mcp,1730304000000,0.29
301330,1632931200000,1666886400000,,mcp,1666886400000,1.1527
301331,1632931200000,1666800000000,,mcp,1666800000000,1.245
301331,1703952000000,1713715200000,,mcp,1713715200000,1.2317
301333,1632931200000,1666800000000,,mcp,1666800000000,1.57
301336,1632931200000,1666713600000,,mcp,1666713600000,1.72
301338,1632931200000,1666800000000,,mcp,1666800000000,1.51
301339,1632931200000,1666713600000,,mcp,1666713600000,0.3968
301349,1632931200000,1666627200000,,mcp,1666627200000,2.15
301363,1632931200000,1666800000000,,mcp,1666800000000,0.6505
301363,1759161600000,1761062400000,,mcp,1761062400000,0.37
301366,1632931200000,1666886400000,,mcp,1666886400000,1.7695
301369,1632931200000,1666627200000,,mcp,1666627200000,2.15
301373,1703952000000,1713715200000,,mcp,1713715200000,1.18
301380,1632931200000,1666886400000,,mcp,1666886400000,0.94
301397,1688054400000,1692979200000,,mcp,1692979200000,1.03
301413,1703952000000,1713715200000,,mcp,1713715200000,1.41
301446,1703952000000,1713715200000,,mcp,1713715200000,1.14
301488,1759161600000,1761062400000,,mcp,1761062400000,0.693
301491,1727625600000,1761494400000,,mcp,1761494400000,1.98
301519,1703952000000,1713715200000,,mcp,1713715200000,0.48
301536,1680192000000,1714406400000,,mcp,1714406400000,0.12
301560,1727625600000,1761494400000,,mcp,1761494400000,0.74
301575,1727625600000,1761148800000,,mcp,1761148800000,1.3277
301580,1696003200000,1730044800000,,mcp,1730044800000,1.73
301589,1703952000000,1707235200000,,mcp,1713369600000,15.76
301601,1751212800000,1756310400000,,mcp,1756310400000,0.1216
301603,1688054400000,1724774400000,,mcp,1724774400000,0.99
301608,1696003200000,1730044800000,,mcp,1730044800000,2.0154
301622,1719676800000,1756137600000,,mcp,1756137600000,0.64
301632,1727625600000,1761148800000,,mcp,1761148800000,-0.0533
301633,1751212800000,1756310400000,,mcp,1756310400000,0.33
301678,1727625600000,1761494400000,,mcp,1761494400000,0.76
600004,1767110400000,1777478400000,,mcp,1777478400000,0.62
600007,1774886400000,1777478400000,,mcp,1777478400000,0.3
600009,1711814400000,1714406400000,,mcp,1714406400000,0.16
600012,1688054400000,1693411200000,,mcp,1693411200000,0.5061
600012,1703952000000,1711641600000,,mcp,1711641600000,1.0008
600015,1696003200000,1698422400000,,mcp,1698422400000,0.95
600015,1703952000000,1714406400000,,mcp,1714406400000,1.48
600015,1751212800000,1756396800000,,mcp,1756396800000,0.66
600016,1703952000000,1711641600000,,mcp,1711641600000,0.72
600016,1711814400000,1714406400000,,mcp,1714406400000,0.31
600018,1751212800000,1756396800000,,mcp,1756396800000,0.3459
600019,1767110400000,1777478400000,,mcp,1777478400000,0.48
600021,1751212800000,1756396800000,,mcp,1756396800000,0.6232
600026,1751212800000,1756483200000,,mcp,1756483200000,0.3919
600028,1696003200000,1698336000000,,mcp,1698336000000,0.442
600029,1711814400000,1714406400000,,mcp,1714406400000,0.04
600030,1711814400000,1714147200000,,mcp,1714147200000,0.32
600031,1688054400000,1693411200000,,mcp,1693411200000,0.4019
600031,1774886400000,1777478400000,,mcp,1777478400000,0.2711
600032,1593446400000,1630080000000,,mcp,1630080000000,0.09
600032,1601395200000,1635436800000,,mcp,1635436800000,0.16
600033,1759161600000,1761840000000,,mcp,1761840000000,0.2994
600036,1696003200000,1698422400000,,mcp,1698422400000,4.44
600036,1711814400000,1714406400000,,mcp,1714406400000,1.51
600036,1751212800000,1756483200000,,mcp,1756483200000,2.89
600037,1759161600000,1761840000000,,mcp,1761840000000,0.0012
600039,1751212800000,1756483200000,,mcp,1756483200000,0.32
600052,1751212800000,1756310400000,,mcp,1756310400000,0.08
600053,1711814400000,1714406400000,,mcp,1714406400000,0.012
600054,1774886400000,1777478400000,,mcp,1777478400000,0.0475
600056,1751212800000,1756310400000,,mcp,1756310400000,0.1965
600056,1767110400000,1777046400000,,mcp,1777046400000,0.3164
600058,1751212800000,1756483200000,,mcp,1756483200000,0.07
600058,1774886400000,1777478400000,,mcp,1777478400000,0.0014
600064,1688054400000,1693411200000,,mcp,1693411200000,0.669
600064,1751212800000,1756396800000,,mcp,1756396800000,0.798
600066,1696003200000,1698336000000,,mcp,1698336000000,0.47
600071,1696003200000,1698422400000,,mcp,1698422400000,-0.1235
600071,1774886400000,1777478400000,,mcp,1777478400000,-0.01
600072,1688054400000,1693411200000,,mcp,1693411200000,0.0693
600078,1711814400000,1714147200000,,mcp,1714147200000,-0.0112
600089,1696003200000,1698422400000,,mcp,1698422400000,2.2754
600095,1751212800000,1756396800000,,mcp,1756396800000,0.0496
600096,1696003200000,1698422400000,,mcp,1698422400000,2.0195
600100,1696003200000,1698422400000,,mcp,1698422400000,-0.1855
600101,1751212800000,1756396800000,,mcp,1756396800000,0.1346
600104,1751212800000,1756396800000,,mcp,1756396800000,0.525
600104,1767110400000,1775059200000,,mcp,1775059200000,0.885
600104,1774886400000,1777478400000,,mcp,1777478400000,0.265
600107,1751212800000,1756483200000,,mcp,1756483200000,-0.06
600108,1696003200000,1698422400000,,mcp,1698422400000,0.024
600108,1767110400000,1777478400000,,mcp,1777478400000,0.0292
600109,1751212800000,1756396800000,,mcp,1756396800000,0.301
600109,1759161600000,1761840000000,,mcp,1761840000000,0.461
600115,1688054400000,1693411200000,,mcp,1693411200000,-0.28
600117,1751212800000,1756396800000,,mcp,1756396800000,-0.07
600118,1711814400000,1714406400000,,mcp,1714406400000,-0.02
600119,1696003200000,1698422400000,,mcp,1698422400000,-0.017
600120,1759161600000,1761667200000,,mcp,1761667200000,0.24
600121,1696003200000,1698422400000,,mcp,1698422400000,-0.0806
600125,1751212800000,1756483200000,,mcp,1756483200000,0.29
600128,1751212800000,1756483200000,,mcp,1756483200000,0.11
600136,1696003200000,1698422400000,,mcp,1698422400000,-3.32
600137,1711814400000,1714406400000,,mcp,1714406400000,0.049
600138,1751212800000,1756483200000,,mcp,1756483200000,0.0924
600138,1774886400000,1777478400000,,mcp,1777478400000,-0.051
600149,1696003200000,1698422400000,,mcp,1698422400000,-0.032
600149,1727625600000,1730304000000,,mcp,1730304000000,0.1839
600149,1751212800000,1756483200000,,mcp,1756483200000,0.011
600150,1703952000000,1714147200000,,mcp,1714147200000,0.66
600150,1751212800000,1756483200000,,mcp,1756483200000,0.659
600150,1759161600000,1761667200000,,mcp,1761667200000,0.987
600155,1711814400000,1714406400000,,mcp,1714406400000,0.01
600156,1696003200000,1698336000000,,mcp,1698336000000,-0.055
600158,1696003200000,1698595200000,,mcp,1698595200000,-0.0408
600161,1711814400000,1714060800000,,mcp,1714060800000,0.19
600161,1774886400000,1777478400000,,mcp,1777478400000,0.06
600170,1751212800000,1756483200000,,mcp,1756483200000,0.05
600172,1703952000000,1714406400000,,mcp,1714406400000,-0.5736
600176,1751212800000,1756310400000,,mcp,1756310400000,0.4214
600177,1751212800000,1756483200000,,mcp,1756483200000,0.37
600179,1774886400000,1777046400000,,mcp,1777046400000,0.06
600182,1696003200000,1698422400000,,mcp,1698422400000,0.38
600183,1711814400000,1714147200000,,mcp,1714147200000,0.17
600184,1696003200000,1698336000000,,mcp,1698336000000,0.09
600187,1696003200000,1698422400000,,mcp,1698422400000,0.0417
600187,1751212800000,1756396800000,,mcp,1756396800000,-0.0114
600188,1696003200000,1698422400000,,mcp,1698422400000,2.0787
600188,1759161600000,1761840000000,,mcp,1761840000000,0.71
600188,1774886400000,1777392000000,,mcp,1777392000000,0.3955
600189,1696003200000,1698336000000,,mcp,1698336000000,0.05
600197,1696003200000,1698422400000,,mcp,1698422400000,0.4852
600199,1696003200000,1698422400000,,mcp,1698422400000,-0.053
600199,1751212800000,1756310400000,,mcp,1756310400000,-0.1098
600206,1711814400000,1714406400000,,mcp,1714406400000,0.001
600212,1735574400000,1745856000000,,mcp,1745856000000,0.021
600215,1696003200000,1698422400000,,mcp,1698422400000,0.2628
600215,1767110400000,1777478400000,,mcp,1777478400000,-0.7513
600221,1688054400000,1693411200000,,mcp,1693411200000,-0.0372
600221,1751212800000,1756483200000,,mcp,1756483200000,0.0013
600228,1696003200000,1698422400000,,mcp,1698422400000,-0.0181
600228,1767110400000,1776441600000,,mcp,1776441600000,-0.1514
600229,1751212800000,1756310400000,,mcp,1756310400000,0.061
600230,1696003200000,1698422400000,,mcp,1698422400000,0.5012
600231,1711814400000,1714406400000,,mcp,1714406400000,-0.11
600231,1751212800000,1756310400000,,mcp,1756310400000,-0.21
600231,1767110400000,1774972800000,,mcp,1774972800000,-0.56
600232,1767110400000,1775059200000,,mcp,1775059200000,0.06
600233,1751212800000,1756310400000,,mcp,1756310400000,0.5311
600234,1696003200000,1698422400000,,mcp,1698422400000,-0.0776
600234,1751212800000,1756396800000,,mcp,1756396800000,0.0872
600235,1711814400000,1714406400000,,mcp,1714406400000,0.092
600236,1696003200000,1698422400000,,mcp,1698422400000,0.14
600237,1774886400000,1777046400000,,mcp,1777046400000,0.039
600243,1696003200000,1698422400000,,mcp,1698422400000,-0.06
600246,1751212800000,1756483200000,,mcp,1756483200000,-0.015
600248,1751212800000,1756483200000,,mcp,1756483200000,0.2853
600256,1696003200000,1698336000000,,mcp,1698336000000,0.7388
600257,1711814400000,1714406400000,,mcp,1714406400000,-0.016
600271,1688054400000,1693411200000,,mcp,1693411200000,0.284
600272,1696003200000,1698422400000,,mcp,1698422400000,0.081
600273,1696003200000,1698422400000,,mcp,1698422400000,0.6556
600278,1751212800000,1756310400000,,mcp,1756310400000,0.13
600281,1751212800000,1756396800000,,mcp,1756396800000,0.1597
600281,1767110400000,1777478400000,,mcp,1777478400000,-0.0121
600282,1696003200000,1698422400000,,mcp,1698422400000,0.2673
600284,1751212800000,1756483200000,,mcp,1756483200000,0.2342
600284,1774886400000,1777478400000,,mcp,1777478400000,0.0494
600289,1688054400000,1693411200000,,mcp,1693411200000,-0.1503
600299,1696003200000,1698422400000,,mcp,1698422400000,-0.01
600303,1774886400000,1777478400000,,mcp,1777478400000,-0.09
600305,1688054400000,1693238400000,,mcp,1693238400000,0.12
600316,1751212800000,1756483200000,,mcp,1756483200000,0.0062
600318,1767110400000,1774454400000,,mcp,1774454400000,0.07
600322,1696003200000,1698422400000,,mcp,1698422400000,-0.0166
600331,1751212800000,1756483200000,,mcp,1756483200000,-0.0369
600335,1696003200000,1698336000000,,mcp,1698336000000,0.1662
600358,1696003200000,1698422400000,,mcp,1698422400000,0.0034
600361,1609344000000,1619625600000,,mcp,1619625600000,0.15
600361,1751212800000,1756396800000,,mcp,1756396800000,0.086
600361,1767110400000,1777046400000,,mcp,1777046400000,0.2012
600362,1696003200000,1698422400000,,mcp,1698422400000,1.43
600367,1767110400000,1777046400000,,mcp,1777046400000,0.27
600369,1751212800000,1755187200000,,mcp,1755187200000,0.06
600370,1696003200000,1698422400000,,mcp,1698422400000,0.0069
600373,1751212800000,1756310400000,,mcp,1756310400000,0.21
600375,1696003200000,1698422400000,,mcp,1698422400000,-0.2
600377,1774886400000,1777478400000,,mcp,1777478400000,0.2711
600378,1751212800000,1756483200000,,mcp,1756483200000,0.4997
600379,1767110400000,1775836800000,,mcp,1775836800000,0.1554
600386,1751212800000,1756396800000,,mcp,1756396800000,0.01
600388,1703952000000,1711123200000,,mcp,1711123200000,0.47
600400,1751212800000,1756396800000,,mcp,1756396800000,-0.05
600403,1751212800000,1756310400000,,mcp,1756310400000,-0.3561
600408,1767110400000,1777046400000,,mcp,1777046400000,-0.3
600409,1751212800000,1756310400000,,mcp,1756310400000,0.0355
600410,1696003200000,1698336000000,,mcp,1698336000000,0.0
600419,1751212800000,1755792000000,,mcp,1755792000000,-0.0693
600422,1696003200000,1698422400000,,mcp,1698422400000,0.51
600452,1696003200000,1698336000000,,mcp,1698336000000,0.41
600460,1696003200000,1698336000000,,mcp,1698336000000,-0.13
600469,1696003200000,1698336000000,,mcp,1698336000000,0.39
600469,1751212800000,1756310400000,,mcp,1756310400000,0.14
600476,1696003200000,1698422400000,,mcp,1698422400000,-0.144
600479,1696003200000,1698422400000,,mcp,1698422400000,0.4586
600481,1751212800000,1756396800000,,mcp,1756396800000,-0.3185
600489,1696003200000,1698422400000,,mcp,1698422400000,0.43
600489,1703952000000,1714147200000,,mcp,1714147200000,0.61
600489,1751212800000,1756396800000,,mcp,1756396800000,0.56
600490,1751212800000,1756396800000,,mcp,1756396800000,0.0639
600491,1751212800000,1756396800000,,mcp,1756396800000,0.05
600496,1696003200000,1698422400000,,mcp,1698422400000,0.2661
600496,1751212800000,1756310400000,,mcp,1756310400000,0.1769
600497,1696003200000,1698336000000,,mcp,1698336000000,0.3207
600500,1696003200000,1698422400000,,mcp,1698422400000,-0.16
600500,1751212800000,1756310400000,,mcp,1756310400000,-0.25
600501,1696003200000,1698422400000,,mcp,1698422400000,0.04
600501,1751212800000,1756310400000,,mcp,1756310400000,-0.2
600503,1696003200000,1698422400000,,mcp,1698422400000,0.0094
600506,1688054400000,1693411200000,,mcp,1693411200000,-0.092
600506,1696003200000,1698422400000,,mcp,1698422400000,-0.1485
600511,1774886400000,1776873600000,,mcp,1776873600000,0.6286
600518,1696003200000,1698422400000,,mcp,1698422400000,-0.011
600521,1751212800000,1756137600000,,mcp,1756137600000,0.28
600525,1703952000000,1713542400000,,mcp,1713542400000,0.07
600530,1703952000000,1714147200000,,mcp,1714147200000,-0.05
600531,1751212800000,1756396800000,,mcp,1756396800000,0.4445
600533,1767110400000,1777478400000,,mcp,1777478400000,-1.76
600535,1696003200000,1698422400000,,mcp,1698422400000,0.69
600537,1696003200000,1698422400000,,mcp,1698422400000,0.25
600539,1696003200000,1698422400000,,mcp,1698422400000,-0.0743
600540,1719676800000,1724947200000,,mcp,1724947200000,0.0128
600540,1751212800000,1756396800000,,mcp,1756396800000,0.0112
600543,1711814400000,1714406400000,,mcp,1714406400000,0.0025
600545,1696003200000,1698422400000,,mcp,1698422400000,0.0275
600547,1696003200000,1698422400000,,mcp,1698422400000,0.23
600547,1774886400000,1777478400000,,mcp,1777478400000,0.29
600551,1767110400000,1776873600000,,mcp,1776873600000,0.6043
600557,1751212800000,1756310400000,,mcp,1756310400000,0.25
600559,1751212800000,1756396800000,,mcp,1756396800000,0.35
600559,1767110400000,1776873600000,,mcp,1776873600000,0.47
600567,1696003200000,1698422400000,,mcp,1698422400000,-0.027
600569,1751212800000,1756310400000,,mcp,1756310400000,0.013
600571,1703952000000,1713542400000,,mcp,1713542400000,0.28
600578,1767110400000,1777046400000,,mcp,1777046400000,0.5
600580,1774886400000,1777478400000,,mcp,1777478400000,0.1772
600583,1774886400000,1777046400000,,mcp,1777046400000,0.1
600585,1696003200000,1698422400000,,mcp,1698422400000,1.64
600586,1759161600000,1761840000000,,mcp,1761840000000,-0.193
600586,1774886400000,1777478400000,,mcp,1777478400000,-0.1149
600587,1751212800000,1756396800000,,mcp,1756396800000,0.64
600589,1696003200000,1698422400000,,mcp,1698422400000,-0.173
600589,1711814400000,1714060800000,,mcp,1714060800000,0.003
600589,1751212800000,1756483200000,,mcp,1756483200000,0.05
600589,1774886400000,1777478400000,,mcp,1777478400000,-0.021
600597,1696003200000,1698422400000,,mcp,1698422400000,0.23
600597,1774886400000,1777478400000,,mcp,1777478400000,0.05
600601,1751212800000,1756396800000,,mcp,1756396800000,0.0414
600606,1696003200000,1698422400000,,mcp,1698422400000,0.18
600606,1759161600000,1761840000000,,mcp,1761840000000,-0.48
600608,1696003200000,1698422400000,,mcp,1698422400000,0.001
600612,1751212800000,1756396800000,,mcp,1756396800000,2.3327
600616,1774886400000,1777478400000,,mcp,1777478400000,0.002
600617,1751212800000,1756396800000,,mcp,1756396800000,0.03
600624,1696003200000,1698422400000,,mcp,1698422400000,-0.016
600626,1696003200000,1698422400000,,mcp,1698422400000,-0.1797
600629,1751212800000,1756483200000,,mcp,1756483200000,0.14
600630,1751212800000,1756396800000,,mcp,1756396800000,0.05
600635,1688054400000,1693411200000,,mcp,1693411200000,0.16
600638,1703952000000,1714406400000,,mcp,1714406400000,0.0922
600641,1751212800000,1756396800000,,mcp,1756396800000,0.0448
600641,1774886400000,1777478400000,,mcp,1777478400000,-0.0186
600645,1751212800000,1756310400000,,mcp,1756310400000,0.13
600649,1751212800000,1756483200000,,mcp,1756483200000,0.06
600650,1751212800000,1756310400000,,mcp,1756310400000,0.139
600650,1774886400000,1777478400000,,mcp,1777478400000,0.025
600651,1751212800000,1756310400000,,mcp,1756310400000,0.009
600651,1774886400000,1777478400000,,mcp,1777478400000,0.0025
600654,1711814400000,1714406400000,,mcp,1714406400000,0.007
600657,1751212800000,1756310400000,,mcp,1756310400000,-1.29
600657,1767110400000,1775059200000,,mcp,1775059200000,-2.76
600661,1751212800000,1756396800000,,mcp,1756396800000,0.0104
600664,1696003200000,1698336000000,,mcp,1698336000000,0.12
600665,1696003200000,1698422400000,,mcp,1698422400000,0.0043
600665,1751212800000,1756310400000,,mcp,1756310400000,-0.1439
600667,1751212800000,1756396800000,,mcp,1756396800000,0.16
600668,1696003200000,1698422400000,,mcp,1698422400000,0.37
600678,1703952000000,1714406400000,,mcp,1714406400000,-0.1182
600678,1751212800000,1756483200000,,mcp,1756483200000,0.0754
600678,1759161600000,1761840000000,,mcp,1761840000000,0.0919
600678,1774886400000,1777478400000,,mcp,1777478400000,0.0053
600682,1751212800000,1756483200000,,mcp,1756483200000,0.12
600683,1711814400000,1714406400000,,mcp,1714406400000,-0.21
600684,1711814400000,1714406400000,,mcp,1714406400000,0.0
600686,1703952000000,1714147200000,,mcp,1714147200000,0.09
600686,1767110400000,1777046400000,,mcp,1777046400000,0.65
600688,1703952000000,1710950400000,,mcp,1710950400000,-0.13
600688,1759161600000,1761148800000,,mcp,1761148800000,-0.041
600689,1774886400000,1777478400000,,mcp,1777478400000,0.02
600690,1703952000000,1711555200000,,mcp,1711555200000,1.79
600690,1751212800000,1756396800000,,mcp,1756396800000,1.3
600690,1759161600000,1761840000000,,mcp,1761840000000,1.89
600691,1696003200000,1698422400000,,mcp,1698422400000,-0.0968
600707,1751212800000,1756310400000,,mcp,1756310400000,0.126
600708,1711814400000,1714406400000,,mcp,1714406400000,0.0037
600710,1751212800000,1756310400000,,mcp,1756310400000,0.49
600711,1751212800000,1753804800000,,mcp,1753804800000,0.341
600713,1767110400000,1775836800000,,mcp,1775836800000,0.48
600714,1751212800000,1756396800000,,mcp,1756396800000,0.126
600715,1727625600000,1730304000000,,mcp,1730304000000,-0.21
600716,1711814400000,1714406400000,,mcp,1714406400000,-0.0154
600717,1696003200000,1698336000000,,mcp,1698336000000,0.32
600718,1696003200000,1698422400000,,mcp,1698422400000,0.11
600720,1696003200000,1698336000000,,mcp,1698336000000,0.6995
600722,1751212800000,1756396800000,,mcp,1756396800000,0.0393
600725,1751212800000,1756396800000,,mcp,1756396800000,-0.0118
600727,1751212800000,1756310400000,,mcp,1756310400000,0.15
600727,1774886400000,1777478400000,,mcp,1777478400000,0.11
600729,1696003200000,1698422400000,,mcp,1698422400000,2.85
600730,1751212800000,1756483200000,,mcp,1756483200000,-0.008
600733,1696003200000,1698422400000,,mcp,1698422400000,-0.67
600737,1751212800000,1756310400000,,mcp,1756310400000,0.208
600739,1703952000000,1714147200000,,mcp,1714147200000,0.15
600739,1774886400000,1777478400000,,mcp,1777478400000,0.36
600745,1751212800000,1756483200000,,mcp,1756483200000,0.38
600749,1696003200000,1698336000000,,mcp,1698336000000,0.1089
600754,1751212800000,1756310400000,,mcp,1756310400000,0.35
600754,1774886400000,1777478400000,,mcp,1777478400000,0.13
600755,1751212800000,1756396800000,,mcp,1756396800000,0.13
600755,1774886400000,1777478400000,,mcp,1777478400000,0.07
600757,1696003200000,1698336000000,,mcp,1698336000000,0.69
600761,1774886400000,1777046400000,,mcp,1777046400000,0.37
600764,1767110400000,1777478400000,,mcp,1777478400000,0.1696
600769,1751212800000,1755792000000,,mcp,1755792000000,0.0382
600773,1703952000000,1714406400000,,mcp,1714406400000,0.08
600773,1751212800000,1756396800000,,mcp,1756396800000,-0.067
600776,1751212800000,1756396800000,,mcp,1756396800000,0.105
600782,1696003200000,1698422400000,,mcp,1698422400000,0.15
600784,1767110400000,1777046400000,,mcp,1777046400000,0.25
600787,1696003200000,1698422400000,,mcp,1698422400000,0.1565
600787,1751212800000,1756483200000,,mcp,1756483200000,0.1908
600789,1751212800000,1756310400000,,mcp,1756310400000,0.12
600790,1751212800000,1756310400000,,mcp,1756310400000,0.12
600793,1774886400000,1777478400000,,mcp,1777478400000,-0.1463
600802,1703952000000,1714060800000,,mcp,1714060800000,-0.7
600802,1719676800000,1724428800000,,mcp,1724428800000,-0.23
600807,1751212800000,1756396800000,,mcp,1756396800000,-0.05
600808,1688054400000,1693411200000,,mcp,1693411200000,-0.2892
600808,1696003200000,1698422400000,,mcp,1698422400000,-0.2075
600809,1696003200000,1698336000000,,mcp,1698336000000,7.73
600810,1751212800000,1756396800000,,mcp,1756396800000,-0.04
600814,1774886400000,1777478400000,,mcp,1777478400000,0.12
600817,1767110400000,1775145600000,,mcp,1775145600000,0.59
600819,1751212800000,1756483200000,,mcp,1756483200000,0.09
600819,1759161600000,1761840000000,,mcp,1761840000000,0.13
600820,1711814400000,1714406400000,,mcp,1714406400000,0.14
600820,1751212800000,1756310400000,,mcp,1756310400000,0.21
600828,1696003200000,1698422400000,,mcp,1698422400000,0.1074
600833,1696003200000,1698422400000,,mcp,1698422400000,0.2578
600834,1711814400000,1714406400000,,mcp,1714406400000,0.03
600834,1751212800000,1756310400000,,mcp,1756310400000,0.06
600839,1751212800000,1756310400000,,mcp,1756310400000,0.1085
600839,1767110400000,1777046400000,,mcp,1777046400000,0.2142
600844,1696003200000,1698422400000,,mcp,1698422400000,-0.173
600847,1696003200000,1698422400000,,mcp,1698422400000,-0.09
600847,1759161600000,1761840000000,,mcp,1761840000000,-0.22
600850,1711814400000,1714406400000,,mcp,1714406400000,0.0688
600864,1696003200000,1698336000000,,mcp,1698336000000,0.02
600871,1735574400000,1742313600000,,mcp,1742313600000,0.033
600875,1751212800000,1756396800000,,mcp,1756396800000,0.6
600876,1696003200000,1698422400000,,mcp,1698422400000,0.31
600876,1751212800000,1756483200000,,mcp,1756483200000,-0.7
600877,1751212800000,1756310400000,,mcp,1756310400000,0.007
600879,1751212800000,1756310400000,,mcp,1756310400000,0.053
600881,1751212800000,1756396800000,,mcp,1756396800000,-0.25
600883,1751212800000,1756483200000,,mcp,1756483200000,0.0608
600883,1759161600000,1761840000000,,mcp,1761840000000,0.0942
600886,1751212800000,1756483200000,,mcp,1756483200000,0.4763
600892,1751212800000,1756483200000,,mcp,1756483200000,-0.06
600905,1751212800000,1756483200000,,mcp,1756483200000,0.1333
600905,1759161600000,1761840000000,,mcp,1761840000000,0.1508
600906,1585584000000,1620230400000,,mcp,1620230400000,0.07
600906,1601395200000,1635350400000,,mcp,1635350400000,0.13
600906,1751212800000,1756396800000,,mcp,1756396800000,0.12
600908,1735574400000,1743177600000,,mcp,1743177600000,0.98
600909,1696003200000,1698336000000,,mcp,1698336000000,0.2
600909,1703952000000,1711641600000,,mcp,1711641600000,0.27
600909,1751212800000,1756310400000,,mcp,1756310400000,0.22
600916,1585584000000,1618934400000,,mcp,1618934400000,-0.06
600919,1759161600000,1761840000000,,mcp,1761840000000,1.59
600926,1703952000000,1713542400000,,mcp,1713542400000,2.31
600927,1617120000000,1650988800000,,mcp,1650988800000,0.25
600928,1522425600000,1556035200000,,mcp,1556035200000,0.15
600928,1538236800000,1572364800000,,mcp,1572364800000,0.45
600930,1688054400000,1693238400000,,mcp,1693238400000,0.17
600933,1751212800000,1756396800000,,mcp,1756396800000,0.59
600935,1617120000000,1651161600000,,mcp,1651161600000,0.074
600935,1696003200000,1698422400000,,mcp,1698422400000,-0.01
600938,1617120000000,1651161600000,,mcp,1651161600000,0.33
600938,1632931200000,1666886400000,,mcp,1666886400000,1.18
600939,1703952000000,1714060800000,,mcp,1714060800000,-0.002
600939,1774886400000,1777478400000,,mcp,1777478400000,-0.02
600955,1601395200000,1635350400000,,mcp,1635350400000,0.87
600955,1617120000000,1651075200000,,mcp,1651075200000,1.43
600955,1774886400000,1777046400000,,mcp,1777046400000,0.13
600956,1703952000000,1711468800000,,mcp,1711468800000,0.51
600958,1751212800000,1756483200000,,mcp,1756483200000,0.4
600958,1774886400000,1777478400000,,mcp,1777478400000,0.19
600962,1696003200000,1698422400000,,mcp,1698422400000,0.1408
600962,1751212800000,1756483200000,,mcp,1756483200000,0.0956
600963,1767110400000,1773158400000,,mcp,1773158400000,-0.13
600965,1696003200000,1698422400000,,mcp,1698422400000,0.1664
600968,1530288000000,1566835200000,,mcp,1566835200000,0.0707
600968,1538236800000,1572278400000,,mcp,1572278400000,0.0775
600969,1696003200000,1698422400000,,mcp,1698422400000,-0.1035
600970,1759161600000,1761235200000,,mcp,1761235200000,0.79
600971,1696003200000,1698422400000,,mcp,1698422400000,1.3611
600977,1711814400000,1714406400000,,mcp,1714406400000,0.052
600981,1751212800000,1756310400000,,mcp,1756310400000,0.05
600984,1751212800000,1756310400000,,mcp,1756310400000,-0.3559
600984,1774886400000,1777478400000,,mcp,1777478400000,-0.222
600986,1751212800000,1756483200000,,mcp,1756483200000,0.08
600988,1711814400000,1714406400000,,mcp,1714406400000,0.12
600992,1696003200000,1698422400000,,mcp,1698422400000,0.0932
600993,1751212800000,1756396800000,,mcp,1756396800000,0.8
600993,1767110400000,1777046400000,,mcp,1777046400000,1.35
600997,1751212800000,1756310400000,,mcp,1756310400000,0.23
601000,1751212800000,1756396800000,,mcp,1756396800000,0.1493
601002,1696003200000,1698422400000,,mcp,1698422400000,-0.0003
601002,1751212800000,1756396800000,,mcp,1756396800000,0.123
601002,1774886400000,1777478400000,,mcp,1777478400000,0.075
601003,1703952000000,1714147200000,,mcp,1714147200000,-0.39
601007,1743350400000,1745942400000,,mcp,1745942400000,0.017
601008,1696003200000,1698422400000,,mcp,1698422400000,0.11
601008,1703952000000,1711641600000,,mcp,1711641600000,0.15
601009,1703952000000,1714147200000,,mcp,1714147200000,1.68
601011,1696003200000,1698422400000,,mcp,1698422400000,-0.012
601016,1774886400000,1777478400000,,mcp,1777478400000,0.031
601018,1688054400000,1693411200000,,mcp,1693411200000,0.11
601018,1696003200000,1698422400000,,mcp,1698422400000,0.207
601018,1751212800000,1756396800000,,mcp,1756396800000,0.13
601018,1767110400000,1775059200000,,mcp,1775059200000,0.27
601019,1767110400000,1775836800000,,mcp,1775836800000,0.56
601020,1696003200000,1698422400000,,mcp,1698422400000,0.16
601020,1751212800000,1756396800000,,mcp,1756396800000,0.222
601022,1751212800000,1756310400000,,mcp,1756310400000,0.29
601033,1680192000000,1714406400000,,mcp,1714406400000,0.3
601038,1696003200000,1698422400000,,mcp,1698422400000,0.9658
601059,1711814400000,1714147200000,,mcp,1714147200000,0.06
601061,1751212800000,1756310400000,,mcp,1756310400000,0.3
601066,1696003200000,1698336000000,,mcp,1698336000000,0.64
601066,1751212800000,1756396800000,,mcp,1756396800000,0.52
601068,1522425600000,1525363200000,,mcp,1525363200000,0.01
601069,1696003200000,1698422400000,,mcp,1698422400000,-0.0697
601077,1696003200000,1698422400000,,mcp,1698422400000,0.86
601077,1711814400000,1714147200000,,mcp,1714147200000,0.31
601077,1759161600000,1761667200000,,mcp,1761667200000,0.92
601088,1774886400000,1777046400000,,mcp,1777046400000,0.53
601089,1632931200000,1666886400000,,mcp,1666886400000,0.72
601098,1751212800000,1756310400000,,mcp,1756310400000,0.57
601106,1703952000000,1714406400000,,mcp,1714406400000,-0.3948
601116,1703952000000,1714147200000,,mcp,1714147200000,0.25
601116,1767110400000,1777046400000,,mcp,1777046400000,0.34
601156,1593446400000,1630080000000,,mcp,1630080000000,0.9
601156,1601395200000,1635523200000,,mcp,1635523200000,1.2
601156,1751212800000,1756483200000,,mcp,1756483200000,0.81
601166,1688054400000,1693411200000,,mcp,1693411200000,1.92
601166,1703952000000,1711641600000,,mcp,1711641600000,3.51
601166,1711814400000,1714060800000,,mcp,1714060800000,1.17
601168,1767110400000,1774454400000,,mcp,1774454400000,1.53
601169,1703952000000,1712851200000,,mcp,1712851200000,1.06
601179,1696003200000,1698422400000,,mcp,1698422400000,0.1016
601179,1767110400000,1775836800000,,mcp,1775836800000,0.25
601187,1569772800000,1603641600000,,mcp,1603641600000,0.49
601187,1727625600000,1730304000000,,mcp,1730304000000,0.65
601198,1774886400000,1777478400000,,mcp,1777478400000,0.104
601199,1696003200000,1698336000000,,mcp,1698336000000,0.2737
601200,1727625600000,1730304000000,,mcp,1730304000000,0.3725
601211,1774886400000,1777046400000,,mcp,1777046400000,0.36
601218,1751212800000,1756396800000,,mcp,1756396800000,0.0842
601236,1530288000000,1567008000000,,mcp,1567008000000,0.03
601236,1553961600000,1588089600000,,mcp,1588089600000,0.06
601236,1703952000000,1711728000000,,mcp,1711728000000,0.07
601236,1774886400000,1777478400000,,mcp,1777478400000,0.04
601238,1751212800000,1756483200000,,mcp,1756483200000,-0.25
601279,1585584000000,1619712000000,,mcp,1619712000000,-0.02
601279,1601395200000,1635523200000,,mcp,1635523200000,0.07
601279,1751212800000,1756396800000,,mcp,1756396800000,-0.023
601288,1711814400000,1714406400000,,mcp,1714406400000,0.19
601288,1751212800000,1756483200000,,mcp,1756483200000,0.37
601298,1522425600000,1556553600000,,mcp,1556553600000,0.15
601298,1538236800000,1572364800000,,mcp,1572364800000,0.47
601318,1696003200000,1698422400000,,mcp,1698422400000,4.94
601318,1711814400000,1713888000000,,mcp,1713888000000,2.07
601319,1530288000000,1535385600000,,mcp,1535385600000,0.23
601319,1751212800000,1756310400000,,mcp,1756310400000,0.6
601326,1696003200000,1698422400000,,mcp,1698422400000,0.23
601326,1751212800000,1756396800000,,mcp,1756396800000,0.18
601328,1696003200000,1698422400000,,mcp,1698422400000,0.84
601328,1703952000000,1711555200000,,mcp,1711555200000,1.15
601336,1703952000000,1711555200000,,mcp,1711555200000,2.79
601336,1751212800000,1756396800000,,mcp,1756396800000,4.74
601336,1774886400000,1777478400000,,mcp,1777478400000,2.08
601339,1696003200000,1698422400000,,mcp,1698422400000,0.37
601360,1688054400000,1693411200000,,mcp,1693411200000,-0.03
601375,1696003200000,1698422400000,,mcp,1698422400000,0.04
601375,1711814400000,1714147200000,,mcp,1714147200000,0.03
601377,1696003200000,1698422400000,,mcp,1698422400000,0.1831
601377,1751212800000,1756483200000,,mcp,1756483200000,0.15
601388,1696003200000,1698422400000,,mcp,1698422400000,0.0564
601390,1751212800000,1756483200000,,mcp,1756483200000,0.412
601398,1719676800000,1725033600000,,mcp,1725033600000,0.47
601398,1774886400000,1777478400000,,mcp,1777478400000,0.24
601399,1585584000000,1618934400000,,mcp,1618934400000,0.0003
601399,1688054400000,1692892800000,,mcp,1692892800000,0.0263
601456,1585584000000,1619712000000,,mcp,1619712000000,0.12
601456,1696003200000,1698422400000,,mcp,1698422400000,0.26
601456,1711814400000,1714406400000,,mcp,1714406400000,-0.08
601500,1696003200000,1698422400000,,mcp,1698422400000,0.1
601500,1751212800000,1756310400000,,mcp,1756310400000,0.04
601500,1767110400000,1777478400000,,mcp,1777478400000,0.13
601512,1553961600000,1588003200000,,mcp,1588003200000,0.45
601512,1696003200000,1698422400000,,mcp,1698422400000,0.6876
601515,1751212800000,1756396800000,,mcp,1756396800000,-0.03
601515,1774886400000,1777478400000,,mcp,1777478400000,-0.01
601519,1751212800000,1756310400000,,mcp,1756310400000,-0.002
601528,1593446400000,1629820800000,,mcp,1629820800000,0.34
601528,1601395200000,1635350400000,,mcp,1635350400000,0.58
601528,1711814400000,1714147200000,,mcp,1714147200000,0.2
601528,1743350400000,1745856000000,,mcp,1745856000000,0.22
601555,1751212800000,1756310400000,,mcp,1756310400000,0.39
601566,1751212800000,1756310400000,,mcp,1756310400000,0.3
601568,1585584000000,1618848000000,,mcp,1618848000000,0.1
601568,1696003200000,1698422400000,,mcp,1698422400000,0.11
601577,1696003200000,1698336000000,,mcp,1698336000000,1.45
601577,1719676800000,1724947200000,,mcp,1724947200000,1.02
601577,1751212800000,1756483200000,,mcp,1756483200000,1.08
601598,1522425600000,1556294400000,,mcp,1556294400000,0.08
601606,1522425600000,1556208000000,,mcp,1556208000000,-0.06
601609,1569772800000,1603814400000,,mcp,1603814400000,0.27
601615,1751212800000,1756310400000,,mcp,1756310400000,0.27
601618,1688054400000,1693411200000,,mcp,1693411200000,0.26
601618,1711814400000,1714406400000,,mcp,1714406400000,0.12
601619,1688054400000,1692028800000,,mcp,1692028800000,0.22
601628,1703952000000,1711555200000,,mcp,1711555200000,0.75
601628,1751212800000,1756310400000,,mcp,1756310400000,1.45
601628,1774886400000,1777478400000,,mcp,1777478400000,0.69
601633,1703952000000,1711641600000,,mcp,1711641600000,0.82
601658,1759161600000,1761840000000,,mcp,1761840000000,0.66
601665,1696003200000,1698422400000,,mcp,1698422400000,0.59
601666,1751212800000,1756310400000,,mcp,1756310400000,0.0972
601668,1751212800000,1756396800000,,mcp,1756396800000,0.73
601678,1696003200000,1698422400000,,mcp,1698422400000,0.14
601678,1751212800000,1756396800000,,mcp,1756396800000,0.05
601686,1585584000000,1619712000000,,mcp,1619712000000,0.11
601686,1601395200000,1635523200000,,mcp,1635523200000,0.87
601688,1751212800000,1756483200000,,mcp,1756483200000,0.8
601689,1751212800000,1756396800000,,mcp,1756396800000,0.75
601696,1553961600000,1588089600000,,mcp,1588089600000,0.12
601696,1751212800000,1756483200000,,mcp,1756483200000,0.2
601698,1530288000000,1566835200000,,mcp,1566835200000,0.0466
601698,1538236800000,1572364800000,,mcp,1572364800000,0.0695
601698,1553961600000,1588176000000,,mcp,1588176000000,0.0267
601699,1751212800000,1756310400000,,mcp,1756310400000,0.45
601700,1751212800000,1756396800000,,mcp,1756396800000,0.008
601702,1569772800000,1603296000000,,mcp,1603296000000,0.14
601702,1585584000000,1619452800000,,mcp,1619452800000,0.05
601727,1688054400000,1693411200000,,mcp,1693411200000,0.04
601727,1751212800000,1756483200000,,mcp,1756483200000,0.053
601728,1530288000000,1535644800000,,mcp,1535644800000,0.17
601766,1696003200000,1698422400000,,mcp,1698422400000,0.21
601766,1774886400000,1777478400000,,mcp,1777478400000,0.12
601777,1696003200000,1698422400000,,mcp,1698422400000,0.0135
601778,1561824000000,1598544000000,,mcp,1598544000000,0.11
601778,1751212800000,1756396800000,,mcp,1756396800000,0.04
601788,1696003200000,1698336000000,,mcp,1698336000000,0.88
601788,1711814400000,1714406400000,,mcp,1714406400000,0.13
601788,1774886400000,1777478400000,,mcp,1777478400000,0.23
601798,1751212800000,1756310400000,,mcp,1756310400000,0.059
601799,1751212800000,1756310400000,,mcp,1756310400000,2.4895
601801,1696003200000,1698422400000,,mcp,1698422400000,0.49
601801,1751212800000,1756483200000,,mcp,1756483200000,0.35
601808,1703952000000,1711468800000,,mcp,1711468800000,0.6315
601811,1751212800000,1756310400000,,mcp,1756310400000,0.69
601816,1553961600000,1588176000000,,mcp,1588176000000,0.0592
601816,1561824000000,1598544000000,,mcp,1598544000000,0.1334
601816,1751212800000,1756483200000,,mcp,1756483200000,0.1289
601818,1711814400000,1714406400000,,mcp,1714406400000,0.18
601825,1601395200000,1635523200000,,mcp,1635523200000,0.73
601825,1696003200000,1698422400000,,mcp,1698422400000,1.08
601827,1569772800000,1603987200000,,mcp,1603987200000,0.38
601827,1696003200000,1698422400000,,mcp,1698422400000,0.59
601838,1696003200000,1698336000000,,mcp,1698336000000,2.16
601857,1688054400000,1693411200000,,mcp,1693411200000,0.47
601857,1711814400000,1714406400000,,mcp,1714406400000,0.25
601860,1688054400000,1693411200000,,mcp,1693411200000,0.24
601860,1759161600000,1761840000000,,mcp,1761840000000,0.33
601865,1522425600000,1555862400000,,mcp,1555862400000,0.05
601865,1538236800000,1571932800000,,mcp,1571932800000,0.16
601868,1688054400000,1693411200000,,mcp,1693411200000,0.06
601868,1696003200000,1698422400000,,mcp,1698422400000,0.07
601868,1751212800000,1756396800000,,mcp,1756396800000,0.06
601869,1751212800000,1756483200000,,mcp,1756483200000,0.39
601881,1711814400000,1714406400000,,mcp,1714406400000,0.12
601881,1774886400000,1777478400000,,mcp,1777478400000,0.28
601888,1774886400000,1777478400000,,mcp,1777478400000,1.1351
601901,1751212800000,1756483200000,,mcp,1756483200000,0.29
601916,1696003200000,1698422400000,,mcp,1698422400000,0.53
601916,1711814400000,1714406400000,,mcp,1714406400000,0.22
601921,1601395200000,1635350400000,,mcp,1635350400000,0.281
601939,1711814400000,1714406400000,,mcp,1714406400000,0.35
601956,1585584000000,1619193600000,,mcp,1619193600000,-0.015
601956,1593446400000,1630339200000,,mcp,1630339200000,0.1044
601963,1696003200000,1698422400000,,mcp,1698422400000,1.23
601963,1711814400000,1714147200000,,mcp,1714147200000,0.44
601969,1696003200000,1698422400000,,mcp,1698422400000,0.24
601988,1703952000000,1711641600000,,mcp,1711641600000,0.74
601988,1711814400000,1714406400000,,mcp,1714406400000,0.18
601988,1751212800000,1756483200000,,mcp,1756483200000,0.36
601988,1759161600000,1761667200000,,mcp,1761667200000,0.55
601990,1522425600000,1555948800000,,mcp,1555948800000,0.04
601991,1711814400000,1714147200000,,mcp,1714147200000,0.0505
601995,1585584000000,1619712000000,,mcp,1619712000000,0.289
601995,1688054400000,1693411200000,,mcp,1693411200000,0.67
601995,1711814400000,1714406400000,,mcp,1714406400000,0.22
601997,1696003200000,1698422400000,,mcp,1698422400000,1.17
601997,1719676800000,1725033600000,,mcp,1725033600000,0.73
601998,1696003200000,1698336000000,,mcp,1698336000000,0.99
601998,1703952000000,1711036800000,,mcp,1711036800000,1.27
601999,1751212800000,1756483200000,,mcp,1756483200000,0.08
603000,1774886400000,1777478400000,,mcp,1777478400000,-0.0301
603004,1751212800000,1756483200000,,mcp,1756483200000,0.37
603007,1774886400000,1777478400000,,mcp,1777478400000,-0.01
603008,1696003200000,1698422400000,,mcp,1698422400000,1.01
603008,1767110400000,1777046400000,,mcp,1777046400000,0.65
603019,1696003200000,1698336000000,,mcp,1698336000000,0.52
603019,1751212800000,1756396800000,,mcp,1756396800000,0.5
603021,1696003200000,1698422400000,,mcp,1698422400000,-0.48
603022,1767110400000,1777478400000,,mcp,1777478400000,0.3
603029,1751212800000,1755792000000,,mcp,1755792000000,0.15
603031,1751212800000,1756483200000,,mcp,1756483200000,0.5
603032,1759161600000,1761840000000,,mcp,1761840000000,0.16
603033,1751212800000,1756310400000,,mcp,1756310400000,-0.018
603039,1751212800000,1755187200000,,mcp,1755187200000,0.25
603043,1751212800000,1756310400000,,mcp,1756310400000,0.0687
603045,1751212800000,1756310400000,,mcp,1756310400000,0.1836
603048,1617120000000,1650902400000,,mcp,1650902400000,0.33
603051,1617120000000,1651075200000,,mcp,1651075200000,0.42
603051,1632931200000,1667145600000,,mcp,1667145600000,1.02
603052,1632931200000,1666627200000,,mcp,1666627200000,1.54
603052,1751212800000,1756310400000,,mcp,1756310400000,0.14
603053,1553961600000,1587571200000,,mcp,1587571200000,0.19
603055,1751212800000,1756396800000,,mcp,1756396800000,0.37
603057,1632931200000,1667145600000,,mcp,1667145600000,0.79
603058,1703952000000,1711641600000,,mcp,1711641600000,0.2412
603059,1751212800000,1756310400000,,mcp,1756310400000,0.43
603059,1774886400000,1777478400000,,mcp,1777478400000,0.2
603061,1751212800000,1756396800000,,mcp,1756396800000,1.32
603065,1751212800000,1756310400000,,mcp,1756310400000,0.0372
603066,1696003200000,1698422400000,,mcp,1698422400000,0.3185
603067,1711814400000,1714406400000,,mcp,1714406400000,0.17
603068,1522425600000,1556553600000,,mcp,1556553600000,0.15
603068,1530288000000,1566921600000,,mcp,1566921600000,0.51
603068,1538236800000,1572278400000,,mcp,1572278400000,0.7
603070,1617120000000,1650988800000,,mcp,1650988800000,0.06
603070,1632931200000,1666972800000,,mcp,1666972800000,0.35
603071,1617120000000,1650902400000,,mcp,1650902400000,0.33
603078,1711814400000,1714147200000,,mcp,1714147200000,0.0658
603081,1696003200000,1698336000000,,mcp,1698336000000,0.3
603081,1751212800000,1756396800000,,mcp,1756396800000,0.18
603082,1767110400000,1775059200000,,mcp,1775059200000,1.06
603087,1561824000000,1598284800000,,mcp,1598284800000,0.51
603087,1569772800000,1603814400000,,mcp,1603814400000,1.31
603088,1767110400000,1775145600000,,mcp,1775145600000,0.25
603089,1696003200000,1698336000000,,mcp,1698336000000,0.3
603090,1751212800000,1756396800000,,mcp,1756396800000,0.46
603090,1767110400000,1774972800000,,mcp,1774972800000,0.82
603093,1538236800000,1572192000000,,mcp,1572192000000,0.1392
603093,1553961600000,1588003200000,,mcp,1588003200000,0.06
603095,1553961600000,1588003200000,,mcp,1588003200000,0.3774
603095,1569772800000,1603814400000,,mcp,1603814400000,1.38
603096,1696003200000,1698422400000,,mcp,1698422400000,0.7972
603097,1632931200000,1666972800000,,mcp,1666972800000,0.38
603098,1688054400000,1693411200000,,mcp,1693411200000,0.12
603098,1751212800000,1756483200000,,mcp,1756483200000,0.13
603102,1617120000000,1650297600000,,mcp,1650297600000,0.67
603103,1759161600000,1761148800000,,mcp,1761148800000,0.32
603105,1696003200000,1698163200000,,mcp,1698163200000,0.37
603105,1767110400000,1777046400000,,mcp,1777046400000,0.4
603109,1553961600000,1588089600000,,mcp,1588089600000,0.11
603110,1711814400000,1714060800000,,mcp,1714060800000,0.01
603112,1569772800000,1604073600000,,mcp,1604073600000,0.29
603112,1585584000000,1619539200000,,mcp,1619539200000,0.12
603113,1696003200000,1698422400000,,mcp,1698422400000,0.01
603115,1538236800000,1572278400000,,mcp,1572278400000,0.69
603115,1553961600000,1587916800000,,mcp,1587916800000,0.21
603121,1522425600000,1556553600000,,mcp,1556553600000,0.11
603121,1538236800000,1572364800000,,mcp,1572364800000,0.38
603125,1696003200000,1698422400000,,mcp,1698422400000,0.97
603125,1767110400000,1775836800000,,mcp,1775836800000,0.39
603132,1617120000000,1650643200000,,mcp,1650643200000,0.13
603132,1632931200000,1666022400000,,mcp,1666022400000,0.37
603135,1751212800000,1756396800000,,mcp,1756396800000,0.03
603137,1751212800000,1756396800000,,mcp,1756396800000,0.25
603150,1617120000000,1651075200000,,mcp,1651075200000,0.51
603150,1751212800000,1756310400000,,mcp,1756310400000,0.76
603155,1569772800000,1603900800000,,mcp,1603900800000,1.51
603156,1696003200000,1698422400000,,mcp,1698422400000,1.019
603163,1632931200000,1666972800000,,mcp,1666972800000,1.47
603163,1696003200000,1698422400000,,mcp,1698422400000,1.14
603168,1774886400000,1777478400000,,mcp,1777478400000,-0.07
603170,1632931200000,1666972800000,,mcp,1666972800000,0.41
603171,1593446400000,1629907200000,,mcp,1629907200000,0.24
603171,1601395200000,1635350400000,,mcp,1635350400000,0.45
603176,1617120000000,1650902400000,,mcp,1650902400000,-0.05
603176,1624982400000,1661702400000,,mcp,1661702400000,0.16
603176,1751212800000,1756396800000,,mcp,1756396800000,0.05
603177,1696003200000,1698422400000,,mcp,1698422400000,-0.01
603180,1696003200000,1698422400000,,mcp,1698422400000,1.08
603180,1751212800000,1756310400000,,mcp,1756310400000,0.42
603182,1632931200000,1666713600000,,mcp,1666713600000,0.37
603183,1696003200000,1698422400000,,mcp,1698422400000,0.06
603185,1522425600000,1556553600000,,mcp,1556553600000,0.64
603185,1696003200000,1698422400000,,mcp,1698422400000,2.289
603187,1522425600000,1556208000000,,mcp,1556208000000,0.5
603188,1703952000000,1714406400000,,mcp,1714406400000,-1.0142
603188,1751212800000,1756396800000,,mcp,1756396800000,0.0033
603189,1751212800000,1756396800000,,mcp,1756396800000,0.02
603190,1767110400000,1777478400000,,mcp,1777478400000,0.92
603191,1617120000000,1651248000000,,mcp,1651248000000,0.13
603191,1632931200000,1666281600000,,mcp,1666281600000,0.47
603191,1696003200000,1698336000000,,mcp,1698336000000,0.65
603191,1703952000000,1714060800000,,mcp,1714060800000,0.7
603192,1522425600000,1556294400000,,mcp,1556294400000,0.3
603192,1767110400000,1777478400000,,mcp,1777478400000,0.58
603195,1553961600000,1587916800000,,mcp,1587916800000,0.75
603201,1632931200000,1666972800000,,mcp,1666972800000,1.64
603202,1751212800000,1756310400000,,mcp,1756310400000,3.94
603206,1632931200000,1666627200000,,mcp,1666627200000,0.44
603206,1751212800000,1756396800000,,mcp,1756396800000,0.15
603208,1751212800000,1756396800000,,mcp,1756396800000,0.06
603209,1617120000000,1650297600000,,mcp,1650297600000,0.3
603209,1632931200000,1666800000000,,mcp,1666800000000,1.0
603210,1751212800000,1756310400000,,mcp,1756310400000,0.3326
603211,1632931200000,1667145600000,,mcp,1667145600000,0.26
603212,1561824000000,1597939200000,,mcp,1597939200000,0.28
603212,1569772800000,1603728000000,,mcp,1603728000000,0.39
603213,1617120000000,1650556800000,,mcp,1650556800000,0.15
603215,1617120000000,1651161600000,,mcp,1651161600000,0.1635
603215,1696003200000,1698163200000,,mcp,1698163200000,0.94
603216,1617120000000,1651075200000,,mcp,1651075200000,0.11
603216,1696003200000,1698422400000,,mcp,1698422400000,0.2
603217,1538236800000,1572192000000,,mcp,1572192000000,2.954
603217,1553961600000,1588003200000,,mcp,1588003200000,0.636
603218,1696003200000,1698336000000,,mcp,1698336000000,0.34
603219,1617120000000,1650470400000,,mcp,1650470400000,0.16
603220,1522425600000,1556467200000,,mcp,1556467200000,-0.03
603221,1553961600000,1588176000000,,mcp,1588176000000,0.15
603221,1569772800000,1604073600000,,mcp,1604073600000,0.59
603225,1751212800000,1756396800000,,mcp,1756396800000,0.48
603226,1751212800000,1756396800000,,mcp,1756396800000,-0.08
603228,1751212800000,1756483200000,,mcp,1756483200000,0.71
603230,1617120000000,1651161600000,,mcp,1651161600000,0.39
603231,1680192000000,1714406400000,,mcp,1714406400000,0.18
603232,1696003200000,1698422400000,,mcp,1698422400000,-0.16
603232,1767110400000,1777478400000,,mcp,1777478400000,-0.36
603233,1751212800000,1756396800000,,mcp,1756396800000,0.7
603235,1632931200000,1666972800000,,mcp,1666972800000,1.39
603236,1530288000000,1567008000000,,mcp,1567008000000,0.94
603236,1538236800000,1572451200000,,mcp,1572451200000,1.65
603236,1553961600000,1588089600000,,mcp,1588089600000,0.65
603237,1632931200000,1667145600000,,mcp,1667145600000,3.7431
603237,1751212800000,1756396800000,,mcp,1756396800000,1.01
603255,1632931200000,1666886400000,,mcp,1666886400000,0.84
603256,1538236800000,1572364800000,,mcp,1572364800000,0.17
603256,1696003200000,1698422400000,,mcp,1698422400000,-0.05
603256,1751212800000,1756310400000,,mcp,1756310400000,0.1
603260,1774886400000,1777478400000,,mcp,1777478400000,0.07
603261,1617120000000,1651075200000,,mcp,1651075200000,-0.08
603261,1632931200000,1666972800000,,mcp,1666972800000,0.32
603262,1751212800000,1756483200000,,mcp,1756483200000,0.28
603267,1530288000000,1566835200000,,mcp,1566835200000,1.03
603267,1538236800000,1572364800000,,mcp,1572364800000,1.57
603268,1751212800000,1756396800000,,mcp,1756396800000,2.62
603269,1751212800000,1756483200000,,mcp,1756483200000,0.11
603270,1680192000000,1714406400000,,mcp,1714406400000,0.21
603272,1632931200000,1666972800000,,mcp,1666972800000,0.49
603272,1751212800000,1756396800000,,mcp,1756396800000,0.01
603273,1664467200000,1698422400000,,mcp,1698422400000,0.26
603279,1696003200000,1698422400000,,mcp,1698422400000,1.31
603280,1696003200000,1698422400000,,mcp,1698422400000,0.83
603281,1703952000000,1711555200000,,mcp,1711555200000,1.78
603283,1751212800000,1756396800000,,mcp,1756396800000,0.44
603285,1688054400000,1722614400000,,mcp,1722614400000,0.82
603290,1553961600000,1588176000000,,mcp,1588176000000,0.16
603290,1569772800000,1603987200000,,mcp,1603987200000,0.86
603290,1751212800000,1756310400000,,mcp,1756310400000,1.15
603291,1751212800000,1756396800000,,mcp,1756396800000,0.0846
603297,1522425600000,1556208000000,,mcp,1556208000000,0.38
603301,1751212800000,1756310400000,,mcp,1756310400000,0.48
603305,1703952000000,1714060800000,,mcp,1714060800000,0.77
603306,1735574400000,1745856000000,,mcp,1745856000000,0.864
603307,1751212800000,1756483200000,,mcp,1756483200000,0.97
603309,1751212800000,1753891200000,,mcp,1753891200000,0.41
603312,1680192000000,1714406400000,,mcp,1714406400000,0.37
603316,1696003200000,1698422400000,,mcp,1698422400000,-0.14
603317,1522425600000,1556553600000,,mcp,1556553600000,0.14
603317,1538236800000,1572278400000,,mcp,1572278400000,0.44
603317,1696003200000,1698422400000,,mcp,1698422400000,0.3052
603318,1711814400000,1714406400000,,mcp,1714406400000,0.05
603321,1774886400000,1777478400000,,mcp,1777478400000,0.02
603324,1585584000000,1619712000000,,mcp,1619712000000,0.07
603324,1601395200000,1634832000000,,mcp,1634832000000,0.54
603324,1751212800000,1756310400000,,mcp,1756310400000,0.29
603325,1751212800000,1756310400000,,mcp,1756310400000,3.0301
603327,1538236800000,1571932800000,,mcp,1571932800000,0.3537
603327,1767110400000,1777046400000,,mcp,1777046400000,0.1187
603328,1703952000000,1711641600000,,mcp,1711641600000,0.356
603329,1696003200000,1698422400000,,mcp,1698422400000,-0.05
603331,1751212800000,1756396800000,,mcp,1756396800000,0.22
603332,1522425600000,1556553600000,,mcp,1556553600000,0.31
603332,1538236800000,1572278400000,,mcp,1572278400000,1.48
603336,1696003200000,1698422400000,,mcp,1698422400000,0.08
603337,1751212800000,1756310400000,,mcp,1756310400000,1.05
603344,1680192000000,1714406400000,,mcp,1714406400000,0.21
603351,1522425600000,1556121600000,,mcp,1556121600000,0.54
603353,1553961600000,1588003200000,,mcp,1588003200000,0.36
603353,1561824000000,1596643200000,,mcp,1596643200000,0.76
603353,1569772800000,1603728000000,,mcp,1603728000000,1.14
603356,1751212800000,1756310400000,,mcp,1756310400000,-0.35
603356,1774886400000,1777478400000,,mcp,1777478400000,-0.16
603357,1751212800000,1756483200000,,mcp,1756483200000,0.32
603365,1751212800000,1756310400000,,mcp,1756310400000,0.53
603366,1696003200000,1698336000000,,mcp,1698336000000,0.2114
603366,1751212800000,1756310400000,,mcp,1756310400000,0.0508
603373,1751212800000,1756310400000,,mcp,1756310400000,0.53
603375,1735574400000,1745856000000,,mcp,1745856000000,0.23
603377,1751212800000,1756483200000,,mcp,1756483200000,-0.15
603379,1522425600000,1556208000000,,mcp,1556208000000,0.64
603379,1538236800000,1571932800000,,mcp,1571932800000,2.3
603385,1696003200000,1698336000000,,mcp,1698336000000,-0.0701
603390,1751212800000,1756310400000,,mcp,1756310400000,0.09
603392,1561824000000,1597939200000,,mcp,1597939200000,0.22
603392,1569772800000,1603814400000,,mcp,1603814400000,0.32
603392,1696003200000,1698422400000,,mcp,1698422400000,1.43
603396,1703952000000,1714060800000,,mcp,1714060800000,0.77
603396,1751212800000,1756310400000,,mcp,1756310400000,0.28
603408,1569772800000,1603987200000,,mcp,1603987200000,0.61
603408,1751212800000,1756396800000,,mcp,1756396800000,0.54
603416,1751212800000,1756310400000,,mcp,1756310400000,0.87
603439,1569772800000,1604073600000,,mcp,1604073600000,0.26
603439,1696003200000,1698422400000,,mcp,1698422400000,0.39
603477,1751212800000,1756483200000,,mcp,1756483200000,0.36
603486,1522425600000,1556294400000,,mcp,1556294400000,0.26
603489,1553961600000,1588176000000,,mcp,1588176000000,0.93
603499,1774886400000,1777478400000,,mcp,1777478400000,0.1012
603501,1696003200000,1698422400000,,mcp,1698422400000,0.31
603511,1601395200000,1635436800000,,mcp,1635436800000,0.85
603511,1696003200000,1698422400000,,mcp,1698422400000,0.57
603517,1751212800000,1756396800000,,mcp,1756396800000,0.29
603518,1751212800000,1756310400000,,mcp,1756310400000,0.33
603520,1767110400000,1777478400000,,mcp,1777478400000,0.02
603528,1696003200000,1698422400000,,mcp,1698422400000,0.0094
603529,1593446400000,1630080000000,,mcp,1630080000000,0.99
603529,1601395200000,1635523200000,,mcp,1635523200000,1.75
603530,1538236800000,1572364800000,,mcp,1572364800000,0.22
603530,1553961600000,1588003200000,,mcp,1588003200000,0.04
603533,1751212800000,1756310400000,,mcp,1756310400000,-0.36
603533,1767110400000,1777046400000,,mcp,1777046400000,-0.4
603535,1696003200000,1698336000000,,mcp,1698336000000,0.72
603536,1751212800000,1756396800000,,mcp,1756396800000,-0.12
603538,1696003200000,1698422400000,,mcp,1698422400000,0.26
603538,1767110400000,1777046400000,,mcp,1777046400000,0.48
603551,1553961600000,1588089600000,,mcp,1588089600000,0.2
603557,1696003200000,1698422400000,,mcp,1698422400000,-0.57
603557,1751212800000,1756483200000,,mcp,1756483200000,-0.06
603558,1696003200000,1698336000000,,mcp,1698336000000,0.54
603559,1751212800000,1756396800000,,mcp,1756396800000,-0.11
603565,1569772800000,1603987200000,,mcp,1603987200000,0.92
603565,1585584000000,1619452800000,,mcp,1619452800000,0.12
603577,1711814400000,1714406400000,,mcp,1714406400000,0.0431
603579,1711814400000,1714060800000,,mcp,1714060800000,0.47
603579,1767110400000,1777046400000,,mcp,1777046400000,0.83
603583,1522425600000,1555948800000,,mcp,1555948800000,0.46
603585,1696003200000,1698422400000,,mcp,1698422400000,0.2
603586,1774886400000,1777046400000,,mcp,1777046400000,0.04
603587,1696003200000,1698422400000,,mcp,1698422400000,0.88
603590,1522425600000,1556553600000,,mcp,1556553600000,0.34
603590,1751212800000,1756310400000,,mcp,1756310400000,0.58
603595,1696003200000,1698422400000,,mcp,1698422400000,-0.22
603596,1696003200000,1698422400000,,mcp,1698422400000,1.44
603596,1751212800000,1756396800000,,mcp,1756396800000,0.86
603602,1751212800000,1756396800000,,mcp,1756396800000,0.05
603607,1751212800000,1756310400000,,mcp,1756310400000,0.27
603608,1696003200000,1698422400000,,mcp,1698422400000,-0.05
603609,1696003200000,1698422400000,,mcp,1698422400000,0.04
603611,1751212800000,1756396800000,,mcp,1756396800000,0.95
603612,1696003200000,1698336000000,,mcp,1698336000000,-0.69
603613,1696003200000,1698336000000,,mcp,1698336000000,1.39
603613,1751212800000,1756396800000,,mcp,1756396800000,0.94
603616,1751212800000,1756396800000,,mcp,1756396800000,0.0163
603619,1751212800000,1756310400000,,mcp,1756310400000,0.76
603629,1522425600000,1556208000000,,mcp,1556208000000,0.28
603630,1751212800000,1756310400000,,mcp,1756310400000,0.03
603633,1751212800000,1756396800000,,mcp,1756396800000,0.08
603637,1774886400000,1777478400000,,mcp,1777478400000,-0.01
603638,1751212800000,1756483200000,,mcp,1756483200000,0.25
603650,1522425600000,1556553600000,,mcp,1556553600000,0.21
603662,1538236800000,1572451200000,,mcp,1572451200000,1.11
603662,1553961600000,1588003200000,,mcp,1588003200000,0.31
603662,1751212800000,1756396800000,,mcp,1756396800000,0.61
603668,1688054400000,1693411200000,,mcp,1693411200000,-0.06
603676,1751212800000,1756310400000,,mcp,1756310400000,0.42
603680,1735574400000,1745856000000,,mcp,1745856000000,0.39
603681,1522425600000,1556467200000,,mcp,1556467200000,0.18
603681,1751212800000,1756310400000,,mcp,1756310400000,0.17
603682,1553961600000,1588176000000,,mcp,1588176000000,0.09
603687,1553961600000,1588176000000,,mcp,1588176000000,0.07
603687,1751212800000,1756310400000,,mcp,1756310400000,0.11
603688,1688054400000,1692892800000,,mcp,1692892800000,6.73
603689,1696003200000,1698422400000,,mcp,1698422400000,0.64
603697,1530288000000,1565884800000,,mcp,1565884800000,0.45
603697,1538236800000,1572278400000,,mcp,1572278400000,0.64
603698,1696003200000,1698422400000,,mcp,1698422400000,0.19
603698,1774886400000,1777478400000,,mcp,1777478400000,0.08
603700,1751212800000,1756396800000,,mcp,1756396800000,0.27
603706,1522425600000,1556467200000,,mcp,1556467200000,0.16
603707,1696003200000,1698422400000,,mcp,1698422400000,0.52
603708,1751212800000,1756310400000,,mcp,1756310400000,0.29
603709,1751212800000,1756310400000,,mcp,1756310400000,-0.08
603712,1774886400000,1777478400000,,mcp,1777478400000,-0.08
603716,1751212800000,1756396800000,,mcp,1756396800000,-0.29
603717,1688054400000,1693411200000,,mcp,1693411200000,-0.3759
603717,1751212800000,1756483200000,,mcp,1756483200000,0.0373
603719,1553961600000,1588003200000,,mcp,1588003200000,0.3
603719,1696003200000,1698422400000,,mcp,1698422400000,0.48
603721,1767110400000,1776441600000,,mcp,1776441600000,0.2
603730,1767110400000,1777478400000,,mcp,1777478400000,0.31
603733,1735574400000,1745856000000,,mcp,1745856000000,1.42
603739,1522425600000,1556035200000,,mcp,1556035200000,0.09
603739,1538236800000,1572278400000,,mcp,1572278400000,0.45
603755,1538236800000,1572278400000,,mcp,1572278400000,0.61
603755,1553961600000,1588003200000,,mcp,1588003200000,0.2
603759,1585584000000,1619712000000,,mcp,1619712000000,0.0363
603759,1601395200000,1635177600000,,mcp,1635177600000,0.46
603767,1767110400000,1775059200000,,mcp,1775059200000,-0.02
603773,1751212800000,1756310400000,,mcp,1756310400000,-0.2435
603776,1696003200000,1698422400000,,mcp,1698422400000,0.05
603777,1696003200000,1698336000000,,mcp,1698336000000,0.01
603786,1538236800000,1572451200000,,mcp,1572451200000,0.9
603786,1553961600000,1587484800000,,mcp,1587484800000,0.2169
603786,1696003200000,1698422400000,,mcp,1698422400000,1.13
603789,1696003200000,1698422400000,,mcp,1698422400000,-0.0729
603789,1751212800000,1756483200000,,mcp,1756483200000,-0.1514
603789,1774886400000,1777478400000,,mcp,1777478400000,-0.1136
603790,1522425600000,1556208000000,,mcp,1556208000000,0.26
603798,1696003200000,1698422400000,,mcp,1698422400000,0.19
603801,1751212800000,1756310400000,,mcp,1756310400000,0.3186
603803,1751212800000,1756396800000,,mcp,1756396800000,-0.1
603806,1696003200000,1698422400000,,mcp,1698422400000,0.77
603808,1751212800000,1756396800000,,mcp,1756396800000,0.23
603809,1751212800000,1756483200000,,mcp,1756483200000,0.22
603809,1767110400000,1776873600000,,mcp,1776873600000,0.3216
603810,1522425600000,1556121600000,,mcp,1556121600000,0.51
603815,1538236800000,1572451200000,,mcp,1572451200000,0.1
603815,1553961600000,1588089600000,,mcp,1588089600000,0.04
603818,1751212800000,1756483200000,,mcp,1756483200000,-0.07
603819,1751212800000,1756396800000,,mcp,1756396800000,0.0362
603822,1774886400000,1777478400000,,mcp,1777478400000,-0.5777
603828,1703952000000,1714406400000,,mcp,1714406400000,-0.22
603829,1751212800000,1756396800000,,mcp,1756396800000,0.36
603829,1767110400000,1777478400000,,mcp,1777478400000,0.49
603833,1751212800000,1756483200000,,mcp,1756483200000,1.67
603836,1601395200000,1635436800000,,mcp,1635436800000,0.84
603855,1751212800000,1756396800000,,mcp,1756396800000,0.58
603859,1719676800000,1724342400000,,mcp,1724342400000,0.38
603859,1774886400000,1777478400000,,mcp,1777478400000,0.2
603860,1774886400000,1777478400000,,mcp,1777478400000,0.01
603863,1538236800000,1572278400000,,mcp,1572278400000,0.47
603863,1553961600000,1588089600000,,mcp,1588089600000,0.11
603863,1759161600000,1761840000000,,mcp,1761840000000,-0.42
603863,1767110400000,1777478400000,,mcp,1777478400000,-1.0
603867,1538236800000,1572278400000,,mcp,1572278400000,1.21
603867,1553961600000,1588176000000,,mcp,1588176000000,0.39
603868,1751212800000,1756483200000,,mcp,1756483200000,0.74
603869,1696003200000,1698422400000,,mcp,1698422400000,0.02
603876,1767110400000,1777478400000,,mcp,1777478400000,0.56
603882,1696003200000,1698422400000,,mcp,1698422400000,1.23
603893,1553961600000,1588176000000,,mcp,1588176000000,0.02
603896,1751212800000,1756310400000,,mcp,1756310400000,0.33
603898,1696003200000,1698422400000,,mcp,1698422400000,0.57
603899,1751212800000,1756310400000,,mcp,1756310400000,0.6082
603901,1696003200000,1698422400000,,mcp,1698422400000,0.35
603901,1751212800000,1756396800000,,mcp,1756396800000,0.17
603901,1767110400000,1776873600000,,mcp,1776873600000,0.29
603903,1751212800000,1756483200000,,mcp,1756483200000,0.04
603903,1759161600000,1761840000000,,mcp,1761840000000,0.19
603903,1774886400000,1777478400000,,mcp,1777478400000,0.07
603906,1696003200000,1698422400000,,mcp,1698422400000,-1.35
603908,1751212800000,1756483200000,,mcp,1756483200000,0.51
603912,1774886400000,1777478400000,,mcp,1777478400000,-0.04
603915,1530288000000,1566835200000,,mcp,1566835200000,0.25
603915,1538236800000,1572278400000,,mcp,1572278400000,0.44
603915,1553961600000,1588003200000,,mcp,1588003200000,0.13
603915,1751212800000,1756396800000,,mcp,1756396800000,0.16
603916,1703952000000,1714060800000,,mcp,1714060800000,0.38
603931,1561824000000,1598544000000,,mcp,1598544000000,0.7
603931,1569772800000,1603814400000,,mcp,1603814400000,1.05
603931,1767110400000,1777046400000,,mcp,1777046400000,0.61
603936,1696003200000,1698422400000,,mcp,1698422400000,0.1
603936,1703952000000,1714147200000,,mcp,1714147200000,-0.95
603937,1767110400000,1777046400000,,mcp,1777046400000,-0.17
603937,1774886400000,1777392000000,,mcp,1777392000000,0.12
603948,1553961600000,1588003200000,,mcp,1588003200000,0.33
603948,1569772800000,1603900800000,,mcp,1603900800000,0.89
603948,1751212800000,1756396800000,,mcp,1756396800000,0.73
603949,1553961600000,1588089600000,,mcp,1588089600000,0.2
603950,1561824000000,1596988800000,,mcp,1596988800000,0.52
603950,1569772800000,1604073600000,,mcp,1604073600000,0.69
603950,1735574400000,1743177600000,,mcp,1743177600000,0.74
603956,1522425600000,1556467200000,,mcp,1556467200000,-0.07
603960,1751212800000,1756396800000,,mcp,1756396800000,0.07
603967,1530288000000,1566489600000,,mcp,1566489600000,0.48
603967,1538236800000,1572278400000,,mcp,1572278400000,0.72
603970,1767110400000,1777046400000,,mcp,1777046400000,0.6419
603976,1767110400000,1777046400000,,mcp,1777046400000,0.13
603982,1530288000000,1566230400000,,mcp,1566230400000,0.2609
603982,1538236800000,1572364800000,,mcp,1572364800000,0.371
603983,1530288000000,1567008000000,,mcp,1567008000000,0.54
603983,1538236800000,1572364800000,,mcp,1572364800000,0.66
603988,1696003200000,1698422400000,,mcp,1698422400000,0.06
603989,1751212800000,1756483200000,,mcp,1756483200000,0.3705
603992,1538236800000,1572192000000,,mcp,1572192000000,0.46
603995,1553961600000,1587916800000,,mcp,1587916800000,0.29
603995,1696003200000,1698336000000,,mcp,1698336000000,0.83
603998,1751212800000,1756396800000,,mcp,1756396800000,0.39
603999,1751212800000,1756310400000,,mcp,1756310400000,0.067
605001,1569772800000,1604073600000,,mcp,1604073600000,0.45
605003,1569772800000,1603468800000,,mcp,1603468800000,1.13
605005,1585584000000,1619539200000,,mcp,1619539200000,0.06
605006,1569772800000,1603641600000,,mcp,1603641600000,0.26
605006,1585584000000,1619452800000,,mcp,1619452800000,0.08
605007,1585584000000,1619452800000,,mcp,1619452800000,0.27
605008,1569772800000,1603900800000,,mcp,1603900800000,0.29
605008,1585584000000,1618848000000,,mcp,1618848000000,0.05
605008,1735574400000,1742400000000,,mcp,1742400000000,0.15
605009,1569772800000,1603728000000,,mcp,1603728000000,2.57
605009,1585584000000,1619625600000,,mcp,1619625600000,1.19
605011,1593446400000,1629907200000,,mcp,1629907200000,0.23
605011,1601395200000,1635350400000,,mcp,1635350400000,0.43
605011,1759161600000,1761840000000,,mcp,1761840000000,0.36
605016,1601395200000,1635350400000,,mcp,1635350400000,0.76
605016,1774886400000,1777478400000,,mcp,1777478400000,0.29
605018,1569772800000,1603814400000,,mcp,1603814400000,0.35
605018,1585584000000,1619452800000,,mcp,1619452800000,0.05
605020,1601395200000,1635436800000,,mcp,1635436800000,0.38
605028,1593446400000,1629820800000,,mcp,1629820800000,0.34
605028,1601395200000,1635264000000,,mcp,1635264000000,0.53
605028,1751212800000,1756396800000,,mcp,1756396800000,0.39
605033,1601395200000,1635091200000,,mcp,1635091200000,0.51
605050,1569772800000,1603814400000,,mcp,1603814400000,0.55
605050,1585584000000,1619366400000,,mcp,1619366400000,0.13
605050,1711814400000,1714406400000,,mcp,1714406400000,0.16
605056,1601395200000,1635350400000,,mcp,1635350400000,0.35
605058,1585584000000,1619452800000,,mcp,1619452800000,0.22
605060,1585584000000,1619452800000,,mcp,1619452800000,0.17
605060,1601395200000,1635523200000,,mcp,1635523200000,0.65
605066,1569772800000,1603814400000,,mcp,1603814400000,0.41
605068,1585584000000,1619712000000,,mcp,1619712000000,0.29
605068,1751212800000,1756310400000,,mcp,1756310400000,-0.18
605068,1774886400000,1777478400000,,mcp,1777478400000,-0.1
605069,1601395200000,1635177600000,,mcp,1635177600000,0.56
605069,1617120000000,1650902400000,,mcp,1650902400000,-0.23
605077,1585584000000,1619539200000,,mcp,1619539200000,1.21
605077,1774886400000,1777478400000,,mcp,1777478400000,0.07
605080,1601395200000,1635264000000,,mcp,1635264000000,1.68
605081,1585584000000,1619452800000,,mcp,1619452800000,0.11
605086,1585584000000,1619712000000,,mcp,1619712000000,0.11
605086,1601395200000,1634832000000,,mcp,1634832000000,0.49
605088,1569772800000,1603987200000,,mcp,1603987200000,0.68
605089,1585584000000,1619366400000,,mcp,1619366400000,0.27
605089,1593446400000,1629302400000,,mcp,1629302400000,0.7
605089,1601395200000,1635350400000,,mcp,1635350400000,1.25
605090,1601395200000,1635350400000,,mcp,1635350400000,1.76
605098,1601395200000,1635350400000,,mcp,1635350400000,0.91
605099,1569772800000,1603987200000,,mcp,1603987200000,0.59
605099,1585584000000,1618848000000,,mcp,1618848000000,0.19
605099,1751212800000,1756396800000,,mcp,1756396800000,0.86
605100,1569772800000,1603987200000,,mcp,1603987200000,1.62
605108,1561824000000,1597852800000,,mcp,1597852800000,0.74
605108,1569772800000,1603814400000,,mcp,1603814400000,0.9
605108,1703952000000,1714060800000,,mcp,1714060800000,1.17
605108,1774886400000,1777478400000,,mcp,1777478400000,0.06
605111,1569772800000,1603814400000,,mcp,1603814400000,0.83
605111,1585584000000,1619539200000,,mcp,1619539200000,0.32
605111,1696003200000,1698336000000,,mcp,1698336000000,0.72
605116,1569772800000,1603900800000,,mcp,1603900800000,0.33
605116,1585584000000,1619625600000,,mcp,1619625600000,0.14
605117,1585584000000,1619712000000,,mcp,1619712000000,0.36
605117,1601395200000,1635436800000,,mcp,1635436800000,2.18
605117,1696003200000,1698422400000,,mcp,1698422400000,3.65
605118,1569772800000,1603814400000,,mcp,1603814400000,0.3609
605118,1751212800000,1756396800000,,mcp,1756396800000,0.3168
605122,1585584000000,1619539200000,,mcp,1619539200000,0.25
605122,1601395200000,1635264000000,,mcp,1635264000000,1.96
605122,1696003200000,1698336000000,,mcp,1698336000000,0.03
605123,1569772800000,1603987200000,,mcp,1603987200000,1.4921
605123,1585584000000,1619539200000,,mcp,1619539200000,0.2947
605128,1569772800000,1603987200000,,mcp,1603987200000,1.02
605128,1585584000000,1619625600000,,mcp,1619625600000,0.17
605133,1585584000000,1619539200000,,mcp,1619539200000,0.17
605136,1569772800000,1603814400000,,mcp,1603814400000,0.5426
605136,1585584000000,1619539200000,,mcp,1619539200000,0.12
605136,1696003200000,1698422400000,,mcp,1698422400000,-0.13
605138,1617120000000,1650297600000,,mcp,1650297600000,0.09
605151,1585584000000,1619539200000,,mcp,1619539200000,0.15
605155,1585584000000,1619712000000,,mcp,1619712000000,0.22
605155,1696003200000,1698336000000,,mcp,1698336000000,0.56
605155,1751212800000,1756483200000,,mcp,1756483200000,0.29
605158,1569772800000,1603728000000,,mcp,1603728000000,0.48
605162,1593446400000,1629388800000,,mcp,1629388800000,0.19
605162,1601395200000,1635523200000,,mcp,1635523200000,0.34
605166,1569772800000,1603900800000,,mcp,1603900800000,0.34
605167,1601395200000,1635177600000,,mcp,1635177600000,0.17
605168,1569772800000,1603382400000,,mcp,1603382400000,1.59
605169,1585584000000,1619020800000,,mcp,1619020800000,0.0676
605177,1585584000000,1619712000000,,mcp,1619712000000,0.08
605178,1569772800000,1604073600000,,mcp,1604073600000,2.37
605178,1585584000000,1619366400000,,mcp,1619366400000,0.36
605178,1696003200000,1698422400000,,mcp,1698422400000,-1.24
605179,1585584000000,1619712000000,,mcp,1619712000000,-0.03
605180,1585584000000,1619625600000,,mcp,1619625600000,0.16
605180,1601395200000,1635177600000,,mcp,1635177600000,0.94
605183,1696003200000,1698422400000,,mcp,1698422400000,0.73
605186,1585584000000,1618848000000,,mcp,1618848000000,0.06
605188,1569772800000,1603987200000,,mcp,1603987200000,0.22
605189,1601395200000,1635523200000,,mcp,1635523200000,0.58
605196,1593446400000,1630080000000,,mcp,1630080000000,0.2
605196,1601395200000,1635523200000,,mcp,1635523200000,0.24
605198,1569772800000,1603987200000,,mcp,1603987200000,0.321
605198,1585584000000,1619712000000,,mcp,1619712000000,0.09
605199,1569772800000,1603900800000,,mcp,1603900800000,0.13
605208,1585584000000,1619366400000,,mcp,1619366400000,0.06
605208,1696003200000,1698336000000,,mcp,1698336000000,0.09
605218,1569772800000,1603814400000,,mcp,1603814400000,0.4725
605218,1585584000000,1618502400000,,mcp,1618502400000,0.0974
605228,1585584000000,1619625600000,,mcp,1619625600000,0.05
605255,1569772800000,1603814400000,,mcp,1603814400000,0.52
605255,1585584000000,1619625600000,,mcp,1619625600000,0.1
605255,1751212800000,1756396800000,,mcp,1756396800000,0.08
605258,1585584000000,1619452800000,,mcp,1619452800000,0.2223
605259,1601395200000,1635436800000,,mcp,1635436800000,1.43
605266,1585584000000,1619452800000,,mcp,1619452800000,1.35
605266,1696003200000,1698422400000,,mcp,1698422400000,2.16
605268,1585584000000,1618848000000,,mcp,1618848000000,0.03
605277,1751212800000,1756310400000,,mcp,1756310400000,0.31
605286,1585584000000,1619539200000,,mcp,1619539200000,0.09
605286,1601395200000,1635264000000,,mcp,1635264000000,0.88
605286,1751212800000,1756310400000,,mcp,1756310400000,0.69
605287,1593446400000,1629993600000,,mcp,1629993600000,1.25
605287,1601395200000,1635350400000,,mcp,1635350400000,1.72
605287,1688054400000,1692374400000,,mcp,1692374400000,1.07
605287,1751212800000,1756483200000,,mcp,1756483200000,0.3428
605288,1569772800000,1603987200000,,mcp,1603987200000,3.89
605289,1585584000000,1619625600000,,mcp,1619625600000,0.1
605289,1601395200000,1635177600000,,mcp,1635177600000,0.84
605289,1751212800000,1756396800000,,mcp,1756396800000,0.12
605296,1601395200000,1634832000000,,mcp,1634832000000,2.6
605296,1767110400000,1777046400000,,mcp,1777046400000,0.65
605298,1585584000000,1619452800000,,mcp,1619452800000,0.05
605298,1601395200000,1635350400000,,mcp,1635350400000,0.79
605298,1751212800000,1756310400000,,mcp,1756310400000,0.12
605299,1585584000000,1619712000000,,mcp,1619712000000,0.03
605300,1696003200000,1698422400000,,mcp,1698422400000,0.52
605303,1585584000000,1619452800000,,mcp,1619452800000,0.06
605303,1751212800000,1756483200000,,mcp,1756483200000,-0.46
605305,1601395200000,1635350400000,,mcp,1635350400000,1.75
605318,1569772800000,1603987200000,,mcp,1603987200000,0.35
605319,1593446400000,1629993600000,,mcp,1629993600000,0.23
605319,1601395200000,1635436800000,,mcp,1635436800000,0.47
605319,1696003200000,1698336000000,,mcp,1698336000000,0.7
605333,1569772800000,1603900800000,,mcp,1603900800000,0.16
605333,1703952000000,1714060800000,,mcp,1714060800000,0.13
605338,1569772800000,1603296000000,,mcp,1603296000000,0.61
605338,1585584000000,1619712000000,,mcp,1619712000000,0.07
605338,1703952000000,1711641600000,,mcp,1711641600000,0.86
605339,1593446400000,1628784000000,,mcp,1628784000000,0.33
605339,1601395200000,1635436800000,,mcp,1635436800000,0.57
605358,1569772800000,1603814400000,,mcp,1603814400000,0.3
605358,1696003200000,1698422400000,,mcp,1698422400000,0.27
605358,1751212800000,1756310400000,,mcp,1756310400000,-0.19
605365,1601395200000,1635177600000,,mcp,1635177600000,0.86
605366,1569772800000,1603987200000,,mcp,1603987200000,0.46
605368,1585584000000,1619625600000,,mcp,1619625600000,0.2276
605369,1569772800000,1603728000000,,mcp,1603728000000,1.37
605369,1585584000000,1618848000000,,mcp,1618848000000,0.4
605376,1585584000000,1619452800000,,mcp,1619452800000,0.15
605377,1585584000000,1619020800000,,mcp,1619020800000,0.23
605377,1751212800000,1756396800000,,mcp,1756396800000,0.28
605378,1585584000000,1619625600000,,mcp,1619625600000,0.16
605378,1601395200000,1635350400000,,mcp,1635350400000,0.9
605388,1569772800000,1603900800000,,mcp,1603900800000,0.83
605388,1585584000000,1619366400000,,mcp,1619366400000,0.15
605389,1585584000000,1619712000000,,mcp,1619712000000,0.59
605389,1601395200000,1635177600000,,mcp,1635177600000,2.34
605398,1585584000000,1619539200000,,mcp,1619539200000,0.27
605399,1561824000000,1598544000000,,mcp,1598544000000,0.3892
605399,1569772800000,1603296000000,,mcp,1603296000000,0.56
605399,1767110400000,1777478400000,,mcp,1777478400000,-0.3
605488,1601395200000,1635177600000,,mcp,1635177600000,0.67
605499,1601395200000,1635350400000,,mcp,1635350400000,1.96
605499,1696003200000,1698422400000,,mcp,1698422400000,4.1389
605500,1585584000000,1619452800000,,mcp,1619452800000,0.11
605507,1601395200000,1634572800000,,mcp,1634572800000,1.34
605555,1601395200000,1635523200000,,mcp,1635523200000,1.38
605555,1617120000000,1651161600000,,mcp,1651161600000,0.42
605555,1751212800000,1756483200000,,mcp,1756483200000,0.23
605566,1617120000000,1651248000000,,mcp,1651248000000,0.54
605567,1601395200000,1635177600000,,mcp,1635177600000,0.8531
605567,1617120000000,1651161600000,,mcp,1651161600000,0.18
605567,1751212800000,1756396800000,,mcp,1756396800000,0.07
605577,1601395200000,1635350400000,,mcp,1635350400000,0.5691
605580,1601395200000,1635523200000,,mcp,1635523200000,0.52
605588,1601395200000,1635177600000,,mcp,1635177600000,1.13
605588,1767110400000,1774281600000,,mcp,1774281600000,-0.96
605589,1601395200000,1635177600000,,mcp,1635177600000,0.95
605598,1601395200000,1635523200000,,mcp,1635523200000,0.43
605598,1617120000000,1651248000000,,mcp,1651248000000,0.32
605598,1751212800000,1756396800000,,mcp,1756396800000,0.28
605599,1601395200000,1635350400000,,mcp,1635350400000,0.38
605599,1617120000000,1650988800000,,mcp,1650988800000,0.15
605599,1751212800000,1756310400000,,mcp,1756310400000,0.59
688001,1538236800000,1572278400000,,mcp,1572278400000,0.56
688001,1553961600000,1588089600000,,mcp,1588089600000,0.02
688001,1751212800000,1756483200000,,mcp,1756483200000,0.18
688002,1538236800000,1572278400000,,mcp,1572278400000,0.1458
688003,1538236800000,1572192000000,,mcp,1572192000000,0.54
688003,1553961600000,1588176000000,,mcp,1588176000000,0.0053
688004,1569772800000,1603123200000,,mcp,1603123200000,0.28
688004,1585584000000,1619452800000,,mcp,1619452800000,-0.05
688005,1530288000000,1565884800000,,mcp,1565884800000,0.32
688005,1538236800000,1572364800000,,mcp,1572364800000,0.43
688005,1711814400000,1714406400000,,mcp,1714406400000,-0.08
688006,1538236800000,1572278400000,,mcp,1572278400000,0.69
688006,1553961600000,1588089600000,,mcp,1588089600000,0.17
688007,1538236800000,1572364800000,,mcp,1572364800000,0.56
688007,1553961600000,1588089600000,,mcp,1588089600000,0.07
688007,1696003200000,1698336000000,,mcp,1698336000000,0.28
688008,1530288000000,1567094400000,,mcp,1567094400000,0.4
688008,1538236800000,1572364800000,,mcp,1572364800000,0.68
688008,1553961600000,1587744000000,,mcp,1587744000000,0.22
688009,1530288000000,1566835200000,,mcp,1566835200000,0.23
688009,1538236800000,1572364800000,,mcp,1572364800000,0.27
688010,1538236800000,1572451200000,,mcp,1572451200000,0.5
688010,1696003200000,1698422400000,,mcp,1698422400000,-0.23
688010,1703952000000,1714147200000,,mcp,1714147200000,-0.43
688011,1538236800000,1572451200000,,mcp,1572451200000,0.41
688012,1696003200000,1698336000000,,mcp,1698336000000,1.88
688013,1569772800000,1603728000000,,mcp,1603728000000,0.58
688013,1585584000000,1619712000000,,mcp,1619712000000,0.1
688015,1530288000000,1566748800000,,mcp,1566748800000,0.15
688015,1538236800000,1572278400000,,mcp,1572278400000,0.09
688016,1538236800000,1572192000000,,mcp,1572192000000,1.41
688016,1553961600000,1587916800000,,mcp,1587916800000,0.83
688017,1569772800000,1603900800000,,mcp,1603900800000,0.424
688017,1585584000000,1619193600000,,mcp,1619193600000,0.1686
688017,1767110400000,1776873600000,,mcp,1776873600000,0.6924
688019,1538236800000,1572364800000,,mcp,1572364800000,0.79
688019,1553961600000,1587484800000,,mcp,1587484800000,0.11
688020,1538236800000,1572364800000,,mcp,1572364800000,1.68
688020,1553961600000,1588176000000,,mcp,1588176000000,0.42
688020,1774886400000,1777478400000,,mcp,1777478400000,-0.26
688021,1553961600000,1588089600000,,mcp,1588089600000,0.28
688021,1767110400000,1777478400000,,mcp,1777478400000,0.19
688022,1538236800000,1571932800000,,mcp,1571932800000,0.35
688022,1703952000000,1713888000000,,mcp,1713888000000,-0.49
688023,1553961600000,1588089600000,,mcp,1588089600000,-0.67
688025,1553961600000,1588003200000,,mcp,1588003200000,0.24
688026,1767110400000,1777478400000,,mcp,1777478400000,0.35
688027,1569772800000,1604073600000,,mcp,1604073600000,-0.54
688028,1538236800000,1572278400000,,mcp,1572278400000,0.82
688029,1538236800000,1572278400000,,mcp,1572278400000,1.63
688029,1553961600000,1588089600000,,mcp,1588089600000,0.6394
688029,1696003200000,1698422400000,,mcp,1698422400000,2.0577
688030,1561824000000,1598457600000,,mcp,1598457600000,-0.1255
688030,1696003200000,1698336000000,,mcp,1698336000000,-0.96
688031,1632931200000,1666972800000,,mcp,1666972800000,-2.33
688032,1617120000000,1651248000000,,mcp,1651248000000,1.06
688033,1538236800000,1572192000000,,mcp,1572192000000,0.52
688035,1632931200000,1666972800000,,mcp,1666972800000,0.4776
688036,1538236800000,1572364800000,,mcp,1572364800000,0.22
688036,1553961600000,1588089600000,,mcp,1588089600000,0.52
688037,1751212800000,1756396800000,,mcp,1756396800000,0.08
688038,1601395200000,1635436800000,,mcp,1635436800000,0.29
688038,1759161600000,1761235200000,,mcp,1761235200000,-0.06
688039,1553961600000,1587916800000,,mcp,1587916800000,0.1
688041,1632931200000,1666800000000,,mcp,1666800000000,0.06
688045,1632931200000,1666972800000,,mcp,1666972800000,3.65
688045,1688054400000,1692374400000,,mcp,1692374400000,0.02
688046,1632931200000,1667145600000,,mcp,1667145600000,0.24
688047,1632931200000,1666886400000,,mcp,1666886400000,0.33
688047,1696003200000,1698336000000,,mcp,1698336000000,-0.52
688048,1617120000000,1651075200000,,mcp,1651075200000,0.1864
688048,1632931200000,1666886400000,,mcp,1666886400000,0.7605
688049,1617120000000,1651248000000,,mcp,1651248000000,0.063
688050,1569772800000,1603814400000,,mcp,1603814400000,0.62
688050,1696003200000,1698249600000,,mcp,1698249600000,2.4
688051,1561824000000,1598371200000,,mcp,1598371200000,0.38
688051,1703952000000,1714147200000,,mcp,1714147200000,-2.69
688051,1751212800000,1756483200000,,mcp,1756483200000,-0.53
688052,1617120000000,1650988800000,,mcp,1650988800000,0.45
688052,1632931200000,1666972800000,,mcp,1666972800000,2.04
688053,1632931200000,1666713600000,,mcp,1666713600000,0.97
688053,1751212800000,1756310400000,,mcp,1756310400000,0.04
688056,1569772800000,1603641600000,,mcp,1603641600000,0.79
688056,1585584000000,1619539200000,,mcp,1619539200000,-0.01
688056,1703952000000,1714060800000,,mcp,1714060800000,0.41
688057,1585584000000,1619452800000,,mcp,1619452800000,0.3286
688057,1767110400000,1777478400000,,mcp,1777478400000,0.3411
688058,1553961600000,1586966400000,,mcp,1586966400000,-0.13
688060,1569772800000,1603900800000,,mcp,1603900800000,0.69
688061,1767110400000,1777046400000,,mcp,1777046400000,-0.52
688062,1617120000000,1651248000000,,mcp,1651248000000,-0.53
688063,1585584000000,1619539200000,,mcp,1619539200000,0.36
688066,1538236800000,1572451200000,,mcp,1572451200000,-0.56
688066,1553961600000,1588003200000,,mcp,1588003200000,-0.32
688066,1751212800000,1756396800000,,mcp,1756396800000,-0.95
688067,1601395200000,1635436800000,,mcp,1635436800000,0.46
688068,1538236800000,1572364800000,,mcp,1572364800000,0.4
688069,1569772800000,1603900800000,,mcp,1603900800000,1.69
688070,1585584000000,1619712000000,,mcp,1619712000000,-0.05
688071,1593446400000,1629820800000,,mcp,1629820800000,-0.3
688073,1767110400000,1776873600000,,mcp,1776873600000,1.75
688075,1617120000000,1651075200000,,mcp,1651075200000,1.79
688076,1601395200000,1635177600000,,mcp,1635177600000,0.52
688076,1703952000000,1711641600000,,mcp,1711641600000,0.76
688077,1569772800000,1603987200000,,mcp,1603987200000,0.8
688077,1711814400000,1714406400000,,mcp,1714406400000,0.07
688078,1553961600000,1588003200000,,mcp,1588003200000,0.16
688079,1585584000000,1619539200000,,mcp,1619539200000,0.76
688079,1601395200000,1635264000000,,mcp,1635264000000,0.36
688080,1553961600000,1588003200000,,mcp,1588003200000,0.12
688081,1553961600000,1588003200000,,mcp,1588003200000,-0.26
688082,1617120000000,1651075200000,,mcp,1651075200000,0.1
688083,1585584000000,1618848000000,,mcp,1618848000000,0.08
688083,1751212800000,1756483200000,,mcp,1756483200000,-0.31
688085,1553961600000,1587484800000,,mcp,1587484800000,0.13
688085,1569772800000,1603296000000,,mcp,1603296000000,0.47
688087,1593446400000,1629388800000,,mcp,1629388800000,1.13
688089,1553961600000,1588176000000,,mcp,1588176000000,0.25
688090,1553961600000,1587744000000,,mcp,1587744000000,0.12
688092,1585584000000,1619712000000,,mcp,1619712000000,0.14
688093,1569772800000,1603814400000,,mcp,1603814400000,0.37
688093,1585584000000,1619625600000,,mcp,1619625600000,0.09
688096,1569772800000,1603987200000,,mcp,1603987200000,0.42
688097,1593446400000,1630339200000,,mcp,1630339200000,-0.525
688098,1553961600000,1587657600000,,mcp,1587657600000,0.1
688099,1538236800000,1572451200000,,mcp,1572451200000,0.4925
688099,1553961600000,1588003200000,,mcp,1588003200000,0.13
688099,1696003200000,1698422400000,,mcp,1698422400000,0.76
688099,1711814400000,1714406400000,,mcp,1714406400000,0.3
688101,1553961600000,1588089600000,,mcp,1588089600000,0.22
688101,1711814400000,1714406400000,,mcp,1714406400000,0.2
688102,1617120000000,1650816000000,,mcp,1650816000000,0.0399
688103,1601395200000,1635350400000,,mcp,1635350400000,1.56
688103,1617120000000,1650988800000,,mcp,1650988800000,0.13
688105,1617120000000,1650556800000,,mcp,1650556800000,0.93
688107,1617120000000,1651075200000,,mcp,1651075200000,0.0165
688107,1703952000000,1714147200000,,mcp,1714147200000,-0.4924
688108,1553961600000,1587657600000,,mcp,1587657600000,0.06
688109,1585584000000,1619366400000,,mcp,1619366400000,0.07
688109,1601395200000,1635177600000,,mcp,1635177600000,1.41
688110,1617120000000,1651161600000,,mcp,1651161600000,0.1
688111,1711814400000,1713888000000,,mcp,1713888000000,0.79
688112,1617120000000,1651075200000,,mcp,1651075200000,0.24
688113,1601395200000,1635523200000,,mcp,1635523200000,0.8824
688114,1632931200000,1666195200000,,mcp,1666195200000,1.24
688114,1759161600000,1761235200000,,mcp,1761235200000,-0.29
688115,1617120000000,1651248000000,,mcp,1651248000000,-0.03
688115,1751212800000,1756396800000,,mcp,1756396800000,-0.23
688116,1538236800000,1572364800000,,mcp,1572364800000,0.27
688116,1553961600000,1588089600000,,mcp,1588089600000,0.15
688116,1767110400000,1777478400000,,mcp,1777478400000,0.63
688117,1601395200000,1635350400000,,mcp,1635350400000,0.69
688117,1719676800000,1722355200000,,mcp,1722355200000,0.19
688119,1632931200000,1666800000000,,mcp,1666800000000,0.2228
688119,1759161600000,1761840000000,,mcp,1761840000000,0.0202
688120,1632931200000,1666195200000,,mcp,1666195200000,1.85
688121,1617120000000,1651161600000,,mcp,1651161600000,-0.28
688122,1688054400000,1693411200000,,mcp,1693411200000,0.6482
688123,1553961600000,1588176000000,,mcp,1588176000000,0.18
688123,1711814400000,1714406400000,,mcp,1714406400000,0.32
688126,1561824000000,1598544000000,,mcp,1598544000000,-0.043
688126,1696003200000,1698422400000,,mcp,1698422400000,0.078
688126,1751212800000,1756396800000,,mcp,1756396800000,-0.133
688127,1569772800000,1603814400000,,mcp,1603814400000,0.22
688127,1585584000000,1619452800000,,mcp,1619452800000,0.1025
688128,1538236800000,1572796800000,,mcp,1572796800000,0.34
688129,1569772800000,1604073600000,,mcp,1604073600000,0.66
688129,1585584000000,1619712000000,,mcp,1619712000000,0.11
688130,1632931200000,1666972800000,,mcp,1666972800000,1.35
688131,1601395200000,1635264000000,,mcp,1635264000000,1.27
688132,1632931200000,1666886400000,,mcp,1666886400000,0.06
688133,1585584000000,1619539200000,,mcp,1619539200000,0.05
688135,1553961600000,1591977600000,,mcp,1591977600000,-0.04
688136,1585584000000,1619366400000,,mcp,1619366400000,0.57
688137,1632931200000,1666886400000,,mcp,1666886400000,3.52
688138,1553961600000,1588003200000,,mcp,1588003200000,0.07
688138,1696003200000,1698336000000,,mcp,1698336000000,0.35
688139,1561824000000,1597939200000,,mcp,1597939200000,0.35
688143,1696003200000,1698336000000,,mcp,1698336000000,0.02
688148,1601395200000,1634572800000,,mcp,1634572800000,0.05
688150,1617120000000,1651075200000,,mcp,1651075200000,0.08
688150,1632931200000,1666627200000,,mcp,1666627200000,0.17
688151,1617120000000,1651248000000,,mcp,1651248000000,0.39
688152,1751212800000,1756396800000,,mcp,1756396800000,-0.1
688152,1767110400000,1777478400000,,mcp,1777478400000,-0.57
688153,1617120000000,1650902400000,,mcp,1650902400000,0.0
688153,1632931200000,1666886400000,,mcp,1666886400000,0.1206
688153,1688054400000,1693411200000,,mcp,1693411200000,-0.17
688153,1696003200000,1698336000000,,mcp,1698336000000,-0.03
688155,1569772800000,1603900800000,,mcp,1603900800000,-0.39
688155,1585584000000,1619712000000,,mcp,1619712000000,0.02
688155,1727625600000,1730304000000,,mcp,1730304000000,1.6
688156,1569772800000,1603814400000,,mcp,1603814400000,0.62
688157,1569772800000,1603987200000,,mcp,1603987200000,1.09
688157,1751212800000,1756396800000,,mcp,1756396800000,0.11
688158,1553961600000,1588003200000,,mcp,1588003200000,0.01
688158,1569772800000,1603814400000,,mcp,1603814400000,0.03
688158,1703952000000,1714147200000,,mcp,1714147200000,-0.76
688160,1585584000000,1618934400000,,mcp,1618934400000,0.15
688161,1601395200000,1635436800000,,mcp,1635436800000,1.07
688161,1696003200000,1698422400000,,mcp,1698422400000,0.31
688162,1617120000000,1650902400000,,mcp,1650902400000,0.34
688162,1688054400000,1693411200000,,mcp,1693411200000,0.15
688162,1696003200000,1698422400000,,mcp,1698422400000,-0.64
688163,1617120000000,1651248000000,,mcp,1651248000000,0.04
688165,1561824000000,1598803200000,,mcp,1598803200000,-0.02
688165,1569772800000,1603987200000,,mcp,1603987200000,-0.08
688165,1688054400000,1693411200000,,mcp,1693411200000,-0.11
688165,1751212800000,1756396800000,,mcp,1756396800000,-0.29
688165,1774886400000,1777478400000,,mcp,1777478400000,-0.02
688166,1561824000000,1597680000000,,mcp,1597680000000,0.11
688167,1617120000000,1651075200000,,mcp,1651075200000,0.14
688167,1696003200000,1698422400000,,mcp,1698422400000,0.48
688168,1538236800000,1572364800000,,mcp,1572364800000,0.25
688168,1553961600000,1588176000000,,mcp,1588176000000,-0.001
688169,1553961600000,1588089600000,,mcp,1588089600000,2.73
688170,1632931200000,1666972800000,,mcp,1666972800000,0.64
688171,1617120000000,1650988800000,,mcp,1650988800000,0.11
688173,1617120000000,1651075200000,,mcp,1651075200000,0.001
688175,1617120000000,1651248000000,,mcp,1651248000000,0.08
688175,1632931200000,1666972800000,,mcp,1666972800000,0.69
688176,1774886400000,1777478400000,,mcp,1777478400000,-0.2
688177,1696003200000,1698336000000,,mcp,1698336000000,-0.92
688178,1553961600000,1588176000000,,mcp,1588176000000,-0.1
688179,1585584000000,1619452800000,,mcp,1619452800000,0.11
688180,1585584000000,1619712000000,,mcp,1619712000000,-0.29
688181,1553961600000,1588089600000,,mcp,1588089600000,0.41
688181,1696003200000,1698422400000,,mcp,1698422400000,0.72
688181,1703952000000,1714147200000,,mcp,1714147200000,0.8
688183,1585584000000,1619712000000,,mcp,1619712000000,0.16
688183,1696003200000,1698336000000,,mcp,1698336000000,-0.02
688184,1632931200000,1666886400000,,mcp,1666886400000,0.68
688184,1727625600000,1730304000000,,mcp,1730304000000,-2.51
688186,1553961600000,1588003200000,,mcp,1588003200000,0.33
688187,1617120000000,1650988800000,,mcp,1650988800000,0.22
688187,1696003200000,1698336000000,,mcp,1698336000000,1.45
688188,1538236800000,1572364800000,,mcp,1572364800000,1.57
688189,1553961600000,1588089600000,,mcp,1588089600000,0.1959
688189,1569772800000,1603900800000,,mcp,1603900800000,0.4482
688189,1759161600000,1761840000000,,mcp,1761840000000,-0.2501
688190,1617120000000,1651161600000,,mcp,1651161600000,0.22
688191,1585584000000,1619625600000,,mcp,1619625600000,0.0
688193,1617120000000,1650816000000,,mcp,1650816000000,0.65
688193,1632931200000,1666972800000,,mcp,1666972800000,1.71
688195,1585584000000,1619539200000,,mcp,1619539200000,0.14
688195,1601395200000,1635436800000,,mcp,1635436800000,0.58
688196,1561824000000,1597161600000,,mcp,1597161600000,1.1
688197,1617120000000,1650988800000,,mcp,1650988800000,-0.31
688198,1553961600000,1587484800000,,mcp,1587484800000,0.21
688200,1696003200000,1698336000000,,mcp,1698336000000,1.46
688201,1585584000000,1619625600000,,mcp,1619625600000,-0.1051
688201,1601395200000,1635436800000,,mcp,1635436800000,0.3424
688202,1553961600000,1587657600000,,mcp,1587657600000,0.25
688202,1751212800000,1756396800000,,mcp,1756396800000,-0.1
688203,1632931200000,1666886400000,,mcp,1666886400000,0.19
688205,1632931200000,1666713600000,,mcp,1666713600000,1.3
688205,1703952000000,1714060800000,,mcp,1714060800000,0.94
688206,1617120000000,1651161600000,,mcp,1651161600000,-0.002
688206,1696003200000,1698422400000,,mcp,1698422400000,-0.07
688207,1617120000000,1650988800000,,mcp,1650988800000,-0.31
688207,1632931200000,1666886400000,,mcp,1666886400000,-0.61
688208,1553961600000,1588089600000,,mcp,1588089600000,0.11
688208,1774886400000,1777046400000,,mcp,1777046400000,0.29
688210,1617120000000,1651161600000,,mcp,1651161600000,0.1
688211,1617120000000,1650902400000,,mcp,1650902400000,0.24
688211,1751212800000,1756483200000,,mcp,1756483200000,-0.49
688211,1774886400000,1777478400000,,mcp,1777478400000,0.02
688212,1617120000000,1650556800000,,mcp,1650556800000,0.09
688213,1624982400000,1661702400000,,mcp,1661702400000,0.5
688213,1703952000000,1714147200000,,mcp,1714147200000,0.04
688215,1585584000000,1619107200000,,mcp,1619107200000,-0.22
688216,1601395200000,1635350400000,,mcp,1635350400000,0.7
688217,1601395200000,1635264000000,,mcp,1635264000000,0.68
688219,1585584000000,1619625600000,,mcp,1619625600000,-0.01
688220,1617120000000,1650902400000,,mcp,1650902400000,-0.49
688221,1585584000000,1619625600000,,mcp,1619625600000,-0.18
688221,1767110400000,1777046400000,,mcp,1777046400000,-0.72
688222,1751212800000,1756310400000,,mcp,1756310400000,0.12
688223,1617120000000,1651161600000,,mcp,1651161600000,0.03
688225,1617120000000,1651161600000,,mcp,1651161600000,-0.0031
688225,1703952000000,1714147200000,,mcp,1714147200000,-0.7302
688225,1735574400000,1745856000000,,mcp,1745856000000,0.0248
688226,1601395200000,1635350400000,,mcp,1635350400000,0.24
688227,1617120000000,1651248000000,,mcp,1651248000000,-0.13
688228,1569772800000,1603987200000,,mcp,1603987200000,0.42
688229,1569772800000,1603987200000,,mcp,1603987200000,0.65
688230,1617120000000,1651248000000,,mcp,1651248000000,0.65
688231,1632931200000,1666886400000,,mcp,1666886400000,0.16
688232,1617120000000,1651161600000,,mcp,1651161600000,-0.01
688233,1553961600000,1588176000000,,mcp,1588176000000,0.33
688234,1617120000000,1651161600000,,mcp,1651161600000,0.06
688235,1617120000000,1652457600000,,mcp,1652457600000,0.28
688235,1688054400000,1693324800000,,mcp,1693324800000,-3.85
688235,1703952000000,1714147200000,,mcp,1714147200000,-4.95
688235,1743350400000,1747152000000,,mcp,1747152000000,-0.07
688235,1751212800000,1756483200000,,mcp,1756483200000,0.32
688236,1617120000000,1651161600000,,mcp,1651161600000,0.2
688237,1632931200000,1666886400000,,mcp,1666886400000,0.72
688238,1617120000000,1650988800000,,mcp,1650988800000,0.0238
688239,1601395200000,1635436800000,,mcp,1635436800000,0.46
688244,1632931200000,1666886400000,,mcp,1666886400000,-1.01
688246,1617120000000,1650816000000,,mcp,1650816000000,-0.2
688246,1696003200000,1698422400000,,mcp,1698422400000,0.13
688247,1632931200000,1666800000000,,mcp,1666800000000,0.15
688248,1617120000000,1650556800000,,mcp,1650556800000,-0.02
688251,1632931200000,1666713600000,,mcp,1666713600000,-0.02
688252,1632931200000,1666972800000,,mcp,1666972800000,0.68
688253,1632931200000,1666972800000,,mcp,1666972800000,1.03
688255,1617120000000,1651161600000,,mcp,1651161600000,0.33
688256,1688054400000,1693411200000,,mcp,1693411200000,-1.34
688256,1696003200000,1698422400000,,mcp,1698422400000,-1.97
688257,1601395200000,1635436800000,,mcp,1635436800000,1.1853
688257,1617120000000,1651161600000,,mcp,1651161600000,0.52
688258,1553961600000,1587484800000,,mcp,1587484800000,0.1
688259,1617120000000,1650816000000,,mcp,1650816000000,0.03
688260,1711814400000,1714406400000,,mcp,1714406400000,-0.2535
688261,1617120000000,1651075200000,,mcp,1651075200000,0.41
688262,1617120000000,1650556800000,,mcp,1650556800000,-0.1
688265,1617120000000,1651161600000,,mcp,1651161600000,0.2
688265,1774886400000,1777478400000,,mcp,1777478400000,0.01
688266,1696003200000,1698422400000,,mcp,1698422400000,-0.8
688267,1617120000000,1651075200000,,mcp,1651075200000,0.3
688267,1696003200000,1698422400000,,mcp,1698422400000,0.25
688268,1553961600000,1588176000000,,mcp,1588176000000,0.2
688269,1569772800000,1604937600000,,mcp,1604937600000,0.57
688269,1688054400000,1693238400000,,mcp,1693238400000,0.7
688270,1617120000000,1651161600000,,mcp,1651161600000,0.12
688270,1696003200000,1698336000000,,mcp,1698336000000,0.26
688270,1711814400000,1714060800000,,mcp,1714060800000,-0.04
688271,1632931200000,1666972800000,,mcp,1666972800000,1.06
688272,1617120000000,1651075200000,,mcp,1651075200000,0.12
688273,1632931200000,1666713600000,,mcp,1666713600000,1.0339
688275,1696003200000,1698422400000,,mcp,1698422400000,-7.52
688276,1601395200000,1635523200000,,mcp,1635523200000,0.94
688277,1569772800000,1603814400000,,mcp,1603814400000,-0.22
688278,1553961600000,1587484800000,,mcp,1587484800000,0.002
688279,1632931200000,1666886400000,,mcp,1666886400000,1.68
688280,1617120000000,1650988800000,,mcp,1650988800000,-0.18
688281,1617120000000,1650902400000,,mcp,1650902400000,0.62
688282,1617120000000,1651161600000,,mcp,1651161600000,0.0968
688282,1632931200000,1666886400000,,mcp,1666886400000,0.84
688283,1617120000000,1650384000000,,mcp,1650384000000,-0.05
688285,1530288000000,1565884800000,,mcp,1565884800000,0.12
688285,1585584000000,1620403200000,,mcp,1620403200000,0.1
688286,1569772800000,1603987200000,,mcp,1603987200000,1.1
688286,1751212800000,1756396800000,,mcp,1756396800000,0.45
688288,1553961600000,1588089600000,,mcp,1588089600000,0.19
688289,1569772800000,1603987200000,,mcp,1603987200000,0.05
688290,1632931200000,1666886400000,,mcp,1666886400000,0.44
688291,1696003200000,1698422400000,,mcp,1698422400000,0.32
688291,1751212800000,1756396800000,,mcp,1756396800000,0.27
688292,1632931200000,1666713600000,,mcp,1666713600000,0.24
688295,1617120000000,1651075200000,,mcp,1651075200000,0.05
688295,1632931200000,1666195200000,,mcp,1666195200000,0.25
688295,1759161600000,1761148800000,,mcp,1761148800000,0.07
688296,1601395200000,1635350400000,,mcp,1635350400000,0.27
688297,1696003200000,1698422400000,,mcp,1698422400000,0.36
688297,1774886400000,1776441600000,,mcp,1776441600000,0.025
688298,1553961600000,1588003200000,,mcp,1588003200000,0.13
688299,1553961600000,1587657600000,,mcp,1587657600000,0.08
688301,1569772800000,1603814400000,,mcp,1603814400000,0.63
688301,1585584000000,1618761600000,,mcp,1618761600000,0.59
688303,1593446400000,1629302400000,,mcp,1629302400000,0.22
688305,1601395200000,1635523200000,,mcp,1635523200000,0.1948
688306,1617120000000,1651075200000,,mcp,1651075200000,0.04
688307,1696003200000,1698422400000,,mcp,1698422400000,0.15
688308,1585584000000,1619452800000,,mcp,1619452800000,0.22
688309,1569772800000,1603814400000,,mcp,1603814400000,0.81
688310,1553961600000,1587744000000,,mcp,1587744000000,0.05
688311,1569772800000,1603814400000,,mcp,1603814400000,0.26
688311,1735574400000,1740672000000,,mcp,1740672000000,-1.68
688312,1561824000000,1598371200000,,mcp,1598371200000,0.33
688313,1569772800000,1603814400000,,mcp,1603814400000,-0.0113
688313,1751212800000,1753804800000,,mcp,1753804800000,0.4793
688314,1601395200000,1635264000000,,mcp,1635264000000,0.95
688314,1696003200000,1698336000000,,mcp,1698336000000,0.79
688315,1585584000000,1619452800000,,mcp,1619452800000,-0.17
688315,1601395200000,1635177600000,,mcp,1635177600000,-0.15
688316,1585584000000,1619539200000,,mcp,1619539200000,-1.17
688316,1767110400000,1777478400000,,mcp,1777478400000,-1.3934
688318,1569772800000,1603987200000,,mcp,1603987200000,1.62
688318,1703952000000,1711641600000,,mcp,1711641600000,2.38
688319,1601395200000,1635523200000,,mcp,1635523200000,0.0991
688320,1632931200000,1667145600000,,mcp,1667145600000,0.78
688320,1696003200000,1698422400000,,mcp,1698422400000,0.42
688321,1538236800000,1572364800000,,mcp,1572364800000,0.042
688321,1774886400000,1777478400000,,mcp,1777478400000,0.0664
688322,1632931200000,1666972800000,,mcp,1666972800000,-0.53
688322,1711814400000,1714406400000,,mcp,1714406400000,-0.07
688323,1601395200000,1635350400000,,mcp,1635350400000,0.34
688325,1632931200000,1666713600000,,mcp,1666713600000,1.03
688326,1617120000000,1650988800000,,mcp,1650988800000,0.36
688327,1632931200000,1666972800000,,mcp,1666972800000,-0.66
688327,1767110400000,1776873600000,,mcp,1776873600000,-0.54
688328,1585584000000,1619625600000,,mcp,1619625600000,-0.1
688329,1585584000000,1619712000000,,mcp,1619712000000,-0.12
688329,1601395200000,1635523200000,,mcp,1635523200000,0.49
688330,1585584000000,1619539200000,,mcp,1619539200000,0.65
688330,1696003200000,1698422400000,,mcp,1698422400000,0.8006
688330,1767110400000,1776873600000,,mcp,1776873600000,4.5971
688331,1617120000000,1651075200000,,mcp,1651075200000,-0.38
688332,1632931200000,1666886400000,,mcp,1666886400000,2.0
688333,1538236800000,1571846400000,,mcp,1571846400000,0.15
688333,1553961600000,1588089600000,,mcp,1588089600000,-0.04
688336,1569772800000,1603036800000,,mcp,1603036800000,0.11
688337,1617120000000,1650902400000,,mcp,1650902400000,-0.13
688337,1632931200000,1666540800000,,mcp,1666540800000,-0.32
688338,1569772800000,1603814400000,,mcp,1603814400000,0.81
688338,1585584000000,1618848000000,,mcp,1618848000000,0.06
688339,1585584000000,1619712000000,,mcp,1619712000000,-0.61
688339,1703952000000,1714147200000,,mcp,1714147200000,-1.48
688345,1601395200000,1635436800000,,mcp,1635436800000,1.16
688345,1703952000000,1713542400000,,mcp,1713542400000,-0.34
688347,1711814400000,1715270400000,,mcp,1715270400000,0.13
688347,1719676800000,1724947200000,,mcp,1724947200000,0.15
688347,1743350400000,1746720000000,,mcp,1746720000000,0.01
688347,1751212800000,1756396800000,,mcp,1756396800000,0.04
688347,1774886400000,1778774400000,,mcp,1778774400000,0.08
688348,1632931200000,1667145600000,,mcp,1667145600000,0.96
688349,1632931200000,1667145600000,,mcp,1667145600000,1.1012
688350,1585584000000,1619625600000,,mcp,1619625600000,0.29
688350,1751212800000,1756396800000,,mcp,1756396800000,0.17
688351,1632931200000,1666800000000,,mcp,1666800000000,-0.0138
688353,1632931200000,1666886400000,,mcp,1666886400000,3.25
688355,1601395200000,1635436800000,,mcp,1635436800000,0.87
688355,1767110400000,1777046400000,,mcp,1777046400000,0.65
688356,1569772800000,1603987200000,,mcp,1603987200000,0.91
688357,1553961600000,1587916800000,,mcp,1587916800000,0.37
688358,1553961600000,1587052800000,,mcp,1587052800000,0.09
688360,1569772800000,1604073600000,,mcp,1604073600000,0.29
688365,1553961600000,1588176000000,,mcp,1588176000000,0.05
688366,1553961600000,1588176000000,,mcp,1588176000000,0.42
688367,1601395200000,1635350400000,,mcp,1635350400000,0.27
688367,1696003200000,1698336000000,,mcp,1698336000000,0.12
688368,1538236800000,1572278400000,,mcp,1572278400000,1.45
688368,1553961600000,1588176000000,,mcp,1588176000000,0.24
688369,1553961600000,1588003200000,,mcp,1588003200000,-0.14
688369,1751212800000,1756310400000,,mcp,1756310400000,-1.18
688370,1632931200000,1666886400000,,mcp,1666886400000,1.7
688373,1632931200000,1666972800000,,mcp,1666972800000,-0.24
688373,1703952000000,1711555200000,,mcp,1711555200000,-0.64
688375,1632931200000,1666713600000,,mcp,1666713600000,0.81
688377,1569772800000,1603814400000,,mcp,1603814400000,0.51
688378,1569772800000,1603987200000,,mcp,1603987200000,1.23
688378,1585584000000,1619712000000,,mcp,1619712000000,0.821
688378,1688054400000,1693238400000,,mcp,1693238400000,0.68
688379,1569772800000,1603900800000,,mcp,1603900800000,0.56
688380,1632931200000,1667145600000,,mcp,1667145600000,1.43
688380,1696003200000,1698336000000,,mcp,1698336000000,-0.01
688381,1632931200000,1666972800000,,mcp,1666972800000,0.5946
688382,1696003200000,1698422400000,,mcp,1698422400000,-0.42
688383,1601395200000,1634572800000,,mcp,1634572800000,0.88
688383,1696003200000,1698422400000,,mcp,1698422400000,0.55
688385,1601395200000,1635436800000,,mcp,1635436800000,0.15
688386,1569772800000,1603814400000,,mcp,1603814400000,0.46
688387,1632931200000,1666540800000,,mcp,1666540800000,-0.33
688388,1696003200000,1698422400000,,mcp,1698422400000,0.07
688389,1553961600000,1587657600000,,mcp,1587657600000,0.07
688390,1569772800000,1603814400000,,mcp,1603814400000,1.15
688390,1585584000000,1619539200000,,mcp,1619539200000,0.57
688391,1632931200000,1667145600000,,mcp,1667145600000,1.54
688391,1767110400000,1777478400000,,mcp,1777478400000,0.3728
688392,1632931200000,1666972800000,,mcp,1666972800000,0.85
688393,1569772800000,1603296000000,,mcp,1603296000000,0.86
688395,1569772800000,1607356800000,,mcp,1607356800000,0.72
688396,1553961600000,1587571200000,,mcp,1587571200000,0.0235
688398,1767110400000,1777046400000,,mcp,1777046400000,0.14
688399,1553961600000,1587657600000,,mcp,1587657600000,0.31
688399,1774886400000,1777478400000,,mcp,1777478400000,0.25
688400,1632931200000,1666713600000,,mcp,1666713600000,0.3
688403,1632931200000,1666800000000,,mcp,1666800000000,0.14
688408,1569772800000,1603900800000,,mcp,1603900800000,0.84
688408,1585584000000,1619625600000,,mcp,1619625600000,0.18
688408,1774886400000,1777478400000,,mcp,1777478400000,-0.22
688409,1632931200000,1666886400000,,mcp,1666886400000,0.53
688409,1711814400000,1714406400000,,mcp,1714406400000,0.29
688410,1696003200000,1698336000000,,mcp,1698336000000,0.8422
688416,1632931200000,1667145600000,,mcp,1667145600000,2.03
688418,1569772800000,1603987200000,,mcp,1603987200000,0.0963
688418,1688054400000,1692374400000,,mcp,1692374400000,-0.2337
688425,1601395200000,1635350400000,,mcp,1635350400000,0.28
688425,1703952000000,1711641600000,,mcp,1711641600000,0.3
688425,1751212800000,1756396800000,,mcp,1756396800000,0.14
688428,1632931200000,1668355200000,,mcp,1668355200000,0.06
688428,1703952000000,1711641600000,,mcp,1711641600000,-0.37
688429,1719676800000,1724774400000,,mcp,1724774400000,-0.33
688429,1751212800000,1756396800000,,mcp,1756396800000,-0.45
688432,1703952000000,1711641600000,,mcp,1711641600000,0.2
688439,1632931200000,1666886400000,,mcp,1666886400000,1.0378
688439,1711814400000,1713974400000,,mcp,1713974400000,0.699
688443,1688054400000,1693411200000,,mcp,1693411200000,-1.41
688443,1703952000000,1714406400000,,mcp,1714406400000,-2.5
688448,1632931200000,1667145600000,,mcp,1667145600000,0.44
688455,1632931200000,1666886400000,,mcp,1666886400000,-0.07
688456,1585584000000,1619712000000,,mcp,1619712000000,0.1
688456,1696003200000,1698422400000,,mcp,1698422400000,0.37
688459,1632931200000,1666800000000,,mcp,1666800000000,-0.1003
688466,1569772800000,1603900800000,,mcp,1603900800000,0.43
688468,1585584000000,1619625600000,,mcp,1619625600000,0.03
688468,1601395200000,1635436800000,,mcp,1635436800000,0.21
688480,1696003200000,1698336000000,,mcp,1698336000000,0.57
688488,1569772800000,1603814400000,,mcp,1603814400000,0.03
688488,1774886400000,1777478400000,,mcp,1777478400000,0.02
688489,1696003200000,1698336000000,,mcp,1698336000000,0.3486
688499,1593446400000,1629993600000,,mcp,1629993600000,0.14
688500,1561824000000,1598803200000,,mcp,1598803200000,0.262
688500,1569772800000,1604073600000,,mcp,1604073600000,0.42
688500,1585584000000,1619712000000,,mcp,1619712000000,-0.041
688501,1601395200000,1635350400000,,mcp,1635350400000,0.03
688505,1569772800000,1603987200000,,mcp,1603987200000,0.13
688506,1696003200000,1698422400000,,mcp,1698422400000,-1.28
688508,1711814400000,1714147200000,,mcp,1714147200000,0.18
688509,1601395200000,1635436800000,,mcp,1635436800000,-0.0893
688509,1751212800000,1756310400000,,mcp,1756310400000,-0.06
688510,1585584000000,1619107200000,,mcp,1619107200000,0.06
688511,1601395200000,1635436800000,,mcp,1635436800000,1.5093
688511,1774886400000,1777478400000,,mcp,1777478400000,0.0402
688513,1569772800000,1603728000000,,mcp,1603728000000,1.05
688513,1585584000000,1618502400000,,mcp,1618502400000,0.34
688516,1569772800000,1603641600000,,mcp,1603641600000,0.09
688517,1601395200000,1635350400000,,mcp,1635350400000,0.4
688517,1696003200000,1698336000000,,mcp,1698336000000,0.35
688518,1696003200000,1698422400000,,mcp,1698422400000,0.76
688519,1569772800000,1603814400000,,mcp,1603814400000,0.61
688520,1561824000000,1598544000000,,mcp,1598544000000,-1.14
688520,1696003200000,1698422400000,,mcp,1698422400000,-0.49
688521,1569772800000,1603814400000,,mcp,1603814400000,-0.06
688526,1569772800000,1603987200000,,mcp,1603987200000,0.53
688526,1585584000000,1619452800000,,mcp,1619452800000,0.26
688526,1711814400000,1714406400000,,mcp,1714406400000,0.18
688528,1569772800000,1603987200000,,mcp,1603987200000,0.2
688529,1585584000000,1619539200000,,mcp,1619539200000,0.19
688529,1751212800000,1756310400000,,mcp,1756310400000,-0.9
688530,1688054400000,1724947200000,,mcp,1724947200000,0.25
688533,1601395200000,1635436800000,,mcp,1635436800000,0.34
688536,1569772800000,1603900800000,,mcp,1603900800000,1.15
688536,1585584000000,1619539200000,,mcp,1619539200000,0.72
688538,1601395200000,1635436800000,,mcp,1635436800000,-0.07
688538,1696003200000,1698422400000,,mcp,1698422400000,-0.17
688550,1569772800000,1603728000000,,mcp,1603728000000,2.32
688550,1585584000000,1619366400000,,mcp,1619366400000,0.6
688550,1696003200000,1698336000000,,mcp,1698336000000,0.72
688551,1569772800000,1603468800000,,mcp,1603468800000,0.78
688551,1585584000000,1619366400000,,mcp,1619366400000,0.0
688551,1696003200000,1698422400000,,mcp,1698422400000,0.94
688556,1569772800000,1603987200000,,mcp,1603987200000,-0.11
688557,1585584000000,1619625600000,,mcp,1619625600000,0.0
688557,1696003200000,1698422400000,,mcp,1698422400000,0.94
688559,1569772800000,1604073600000,,mcp,1604073600000,0.52
688560,1585584000000,1619625600000,,mcp,1619625600000,0.2
688561,1569772800000,1603987200000,,mcp,1603987200000,-1.81
688562,1751212800000,1756396800000,,mcp,1756396800000,-0.15
688562,1774886400000,1777478400000,,mcp,1777478400000,-0.15
688565,1767110400000,1777046400000,,mcp,1777046400000,0.06
688568,1569772800000,1603814400000,,mcp,1603814400000,0.12
688569,1569772800000,1603728000000,,mcp,1603728000000,0.71
688569,1585584000000,1619452800000,,mcp,1619452800000,0.0191
688571,1585584000000,1619452800000,,mcp,1619452800000,0.04
688575,1601395200000,1635523200000,,mcp,1635523200000,0.41
688577,1569772800000,1603900800000,,mcp,1603900800000,0.61
688577,1585584000000,1619366400000,,mcp,1619366400000,0.03
688578,1585584000000,1619539200000,,mcp,1619539200000,-0.18
688580,1569772800000,1603900800000,,mcp,1603900800000,1.3636
688580,1751212800000,1756310400000,,mcp,1756310400000,0.72
688582,1735574400000,1742227200000,,mcp,1742227200000,0.56
688583,1751212800000,1756310400000,,mcp,1756310400000,0.64
688585,1569772800000,1603987200000,,mcp,1603987200000,0.18
688585,1585584000000,1619712000000,,mcp,1619712000000,0.02
688586,1569772800000,1603814400000,,mcp,1603814400000,0.31
688586,1774886400000,1777478400000,,mcp,1777478400000,0.02
688589,1569772800000,1603641600000,,mcp,1603641600000,0.18
688590,1585584000000,1619625600000,,mcp,1619625600000,-0.01
688591,1680192000000,1714406400000,,mcp,1714406400000,0.05
688593,1719676800000,1724428800000,,mcp,1724428800000,-0.007
688595,1569772800000,1603900800000,,mcp,1603900800000,0.26
688596,1561824000000,1598803200000,,mcp,1598803200000,0.09
688596,1569772800000,1603987200000,,mcp,1603987200000,0.07
688596,1767110400000,1776441600000,,mcp,1776441600000,0.48
688597,1593446400000,1629388800000,,mcp,1629388800000,-0.12
688597,1696003200000,1698336000000,,mcp,1698336000000,0.07
688598,1569772800000,1603382400000,,mcp,1603382400000,1.2028
688600,1569772800000,1603987200000,,mcp,1603987200000,0.24
688601,1593446400000,1629993600000,,mcp,1629993600000,0.62
688606,1585584000000,1619539200000,,mcp,1619539200000,0.79
688607,1585584000000,1618848000000,,mcp,1618848000000,0.04
688607,1759161600000,1761148800000,,mcp,1761148800000,0.0
688608,1585584000000,1619452800000,,mcp,1619452800000,-0.019
688608,1696003200000,1698163200000,,mcp,1698163200000,0.9812
688609,1585584000000,1619193600000,,mcp,1619193600000,-0.032
688609,1601395200000,1635350400000,,mcp,1635350400000,0.1128
688611,1601395200000,1635523200000,,mcp,1635523200000,0.66
688611,1774886400000,1777478400000,,mcp,1777478400000,-0.02
688613,1601395200000,1635436800000,,mcp,1635436800000,0.46
688616,1585584000000,1619452800000,,mcp,1619452800000,0.04
688616,1601395200000,1635264000000,,mcp,1635264000000,0.48
688617,1585584000000,1619452800000,,mcp,1619452800000,0.17
688618,1585584000000,1619625600000,,mcp,1619625600000,0.19
688619,1585584000000,1619193600000,,mcp,1619193600000,-0.07
688619,1696003200000,1698422400000,,mcp,1698422400000,-0.03
688620,1711814400000,1714406400000,,mcp,1714406400000,-0.01
688621,1593446400000,1629388800000,,mcp,1629388800000,0.68
688622,1601395200000,1635177600000,,mcp,1635177600000,0.57
688622,1617120000000,1651075200000,,mcp,1651075200000,0.02
688622,1774886400000,1777478400000,,mcp,1777478400000,-0.11
688625,1601395200000,1635264000000,,mcp,1635264000000,0.86
688625,1696003200000,1698336000000,,mcp,1698336000000,1.25
688626,1585584000000,1619539200000,,mcp,1619539200000,0.17
688626,1601395200000,1635523200000,,mcp,1635523200000,0.97
688628,1585584000000,1619539200000,,mcp,1619539200000,0.64
688630,1585584000000,1619107200000,,mcp,1619107200000,0.02
688630,1601395200000,1635264000000,,mcp,1635264000000,0.11
688633,1585584000000,1619539200000,,mcp,1619539200000,0.41
688633,1601395200000,1635350400000,,mcp,1635350400000,1.31
688636,1585584000000,1619366400000,,mcp,1619366400000,-0.06
688638,1751212800000,1756310400000,,mcp,1756310400000,-0.99
688648,1751212800000,1756310400000,,mcp,1756310400000,5.11
688655,1601395200000,1635177600000,,mcp,1635177600000,0.37
688656,1585584000000,1619020800000,,mcp,1619020800000,-0.11
688658,1585584000000,1619625600000,,mcp,1619625600000,0.1
688658,1774886400000,1777478400000,,mcp,1777478400000,-0.07
688659,1585584000000,1619625600000,,mcp,1619625600000,-0.02
688661,1585584000000,1619712000000,,mcp,1619712000000,0.176
688661,1601395200000,1635350400000,,mcp,1635350400000,0.646
688662,1585584000000,1619107200000,,mcp,1619107200000,0.1018
688662,1601395200000,1635350400000,,mcp,1635350400000,0.82
688662,1719676800000,1724342400000,,mcp,1724342400000,0.26
688663,1585584000000,1619712000000,,mcp,1619712000000,0.07
688663,1601395200000,1635350400000,,mcp,1635350400000,0.66
688665,1585584000000,1619712000000,,mcp,1619712000000,0.01
688667,1585584000000,1619539200000,,mcp,1619539200000,0.38
688667,1601395200000,1635436800000,,mcp,1635436800000,2.67
688668,1585584000000,1619625600000,,mcp,1619625600000,0.16
688669,1585584000000,1619539200000,,mcp,1619539200000,0.41
688670,1601395200000,1634572800000,,mcp,1634572800000,0.73
688671,1774886400000,1777478400000,,mcp,1777478400000,-0.22
688676,1585584000000,1619366400000,,mcp,1619366400000,0.09
688676,1601395200000,1635177600000,,mcp,1635177600000,0.43
688677,1585584000000,1619625600000,,mcp,1619625600000,0.47
688678,1585584000000,1619452800000,,mcp,1619452800000,0.14
688679,1585584000000,1619712000000,,mcp,1619712000000,0.03
688679,1767110400000,1775836800000,,mcp,1775836800000,-0.32
688680,1585584000000,1619539200000,,mcp,1619539200000,0.29
688681,1601395200000,1635091200000,,mcp,1635091200000,0.33
688681,1774886400000,1777478400000,,mcp,1777478400000,0.02
688682,1585584000000,1619712000000,,mcp,1619712000000,0.1242
688683,1585584000000,1619539200000,,mcp,1619539200000,0.07
688683,1601395200000,1635350400000,,mcp,1635350400000,0.44
688685,1601395200000,1635350400000,,mcp,1635350400000,0.32
688686,1585584000000,1619107200000,,mcp,1619107200000,0.2871
688687,1585584000000,1619020800000,,mcp,1619020800000,0.13
688687,1767110400000,1777046400000,,mcp,1777046400000,0.18
688689,1585584000000,1618848000000,,mcp,1618848000000,0.08
688690,1593446400000,1629648000000,,mcp,1629648000000,0.067
688695,1751212800000,1756310400000,,mcp,1756310400000,-0.09
688696,1585584000000,1619107200000,,mcp,1619107200000,1.15
688696,1601395200000,1635350400000,,mcp,1635350400000,4.58
688696,1751212800000,1756396800000,,mcp,1756396800000,1.31
688697,1601395200000,1635350400000,,mcp,1635350400000,0.35
688697,1617120000000,1651161600000,,mcp,1651161600000,0.0746
688698,1585584000000,1619539200000,,mcp,1619539200000,0.07
688698,1711814400000,1714406400000,,mcp,1714406400000,0.26
688699,1585584000000,1619107200000,,mcp,1619107200000,0.24
688700,1601395200000,1635177600000,,mcp,1635177600000,0.49
688701,1617120000000,1651161600000,,mcp,1651161600000,-0.02
688701,1751212800000,1756396800000,,mcp,1756396800000,-0.14
688707,1767110400000,1777046400000,,mcp,1777046400000,-0.85
688709,1680192000000,1714406400000,,mcp,1714406400000,0.14
688709,1767110400000,1777478400000,,mcp,1777478400000,0.24
688711,1601395200000,1635523200000,,mcp,1635523200000,0.27
688711,1617120000000,1651248000000,,mcp,1651248000000,0.22
688711,1696003200000,1698336000000,,mcp,1698336000000,0.56
688718,1593446400000,1629993600000,,mcp,1629993600000,0.14
688722,1601395200000,1635436800000,,mcp,1635436800000,0.25
688722,1617120000000,1650902400000,,mcp,1650902400000,0.08
688728,1703952000000,1714147200000,,mcp,1714147200000,0.02
688729,1751212800000,1756396800000,,mcp,1756396800000,0.13
688733,1601395200000,1635350400000,,mcp,1635350400000,0.15
688733,1703952000000,1711641600000,,mcp,1711641600000,0.12
688733,1751212800000,1756396800000,,mcp,1756396800000,-0.09
688737,1601395200000,1635436800000,,mcp,1635436800000,3.5
688737,1617120000000,1651075200000,,mcp,1651075200000,0.15
688737,1751212800000,1756483200000,,mcp,1756483200000,-0.1
688739,1617120000000,1651161600000,,mcp,1651161600000,0.75
688750,1751212800000,1756483200000,,mcp,1756483200000,0.0876
688750,1759161600000,1761840000000,,mcp,1761840000000,0.1025
688766,1617120000000,1650988800000,,mcp,1650988800000,1.41
688767,1601395200000,1635523200000,,mcp,1635523200000,4.45
688767,1617120000000,1651075200000,,mcp,1651075200000,2.91
688768,1601395200000,1635523200000,,mcp,1635523200000,0.94
688772,1617120000000,1650297600000,,mcp,1650297600000,0.26
688776,1601395200000,1635177600000,,mcp,1635177600000,0.96
688776,1617120000000,1651075200000,,mcp,1651075200000,0.47
688777,1585584000000,1619625600000,,mcp,1619625600000,-0.08
688778,1601395200000,1635436800000,,mcp,1635436800000,0.86
688779,1601395200000,1635264000000,,mcp,1635264000000,0.02
688779,1617120000000,1650988800000,,mcp,1650988800000,0.08
688786,1601395200000,1635350400000,,mcp,1635350400000,0.53
688786,1617120000000,1651161600000,,mcp,1651161600000,0.26
688786,1711814400000,1714406400000,,mcp,1714406400000,0.2
688788,1569772800000,1603987200000,,mcp,1603987200000,0.3716
688788,1585584000000,1618848000000,,mcp,1618848000000,-0.4
688788,1696003200000,1698422400000,,mcp,1698422400000,-1.694
688789,1601395200000,1635523200000,,mcp,1635523200000,1.86
688789,1774886400000,1777478400000,,mcp,1777478400000,0.23
688793,1601395200000,1635350400000,,mcp,1635350400000,0.71
688798,1601395200000,1635523200000,,mcp,1635523200000,0.64
688799,1601395200000,1635350400000,,mcp,1635350400000,1.29
688800,1601395200000,1635436800000,,mcp,1635436800000,0.76
688800,1688054400000,1693411200000,,mcp,1693411200000,0.55
688819,1585584000000,1619712000000,,mcp,1619712000000,0.34
688981,1561824000000,1598544000000,,mcp,1598544000000,0.06
688981,1569772800000,1605110400000,,mcp,1605110400000,0.22
688981,1696003200000,1699545600000,,mcp,1699545600000,0.46
688981,1703952000000,1711641600000,,mcp,1711641600000,0.61
688981,1711814400000,1715270400000,,mcp,1715270400000,0.06
688981,1774886400000,1778774400000,,mcp,1778774400000,0.17
689009,1585584000000,1619712000000,,mcp,1619712000000,-1.73
689009,1774886400000,1777478400000,,mcp,1777478400000,2.83
